user,degree_cent,strength,betweenness,pagerank_l1,pagerank_l2,community,macro_community,role
rick-github,0.3983353151010701,389,0.8061616940519278,0.09388905907786373,0.0,0,ollama,Bridge
pdevine,0.084423305588585,86,0.0854315626699037,0.014865946048792674,0.01393128805323728,2,ollama,Bridge
ccurme,0.03923900118906064,41,0.14655988713360896,0.014695363228203494,0.0841343256481201,1,langchain,Bridge
keenborder786,0.024970273483947678,22,0.041121586169148634,0.009823190550273588,0.0,1,langchain,Bridge
efriis,0.026159334126040427,30,0.041586924107732536,0.009617226987408736,0.1639025692381582,1,langchain,Bridge
jmorganca,0.04399524375743163,47,0.07299533420067685,0.007681993824103486,0.0490303586773612,6,ollama,Bridge
mxyng,0.027348394768133173,36,0.00739126769892375,0.007177261917286731,0.03579740919372739,0,ollama,Bridge
ParthSareen,0.023781212841854932,25,0.026107599851123726,0.006186943589725873,0.021737695775011716,0,ollama,Bridge
dinithaw,0.03804994054696789,33,0.10327064813242018,0.005650301683868203,0.0,3,deepseek,Bridge
justinlietz93,0.0511296076099881,43,0.32753496404507143,0.00477190600284692,0.0,5,deepseek,Bridge
eyurtsev,0.009512485136741973,16,0.007897344431232672,0.004709171777262379,0.06964748805900839,1,langchain,Bridge
olumolu,0.0178359096313912,17,0.02408354541147694,0.004460863673831164,0.0,9,ollama,Bridge
Skizzy-create,0.023781212841854932,24,0.0027003944661495205,0.004024615613376593,0.0,11,ollama,Bridge
FarMounTAI,0.04161712247324613,43,0.0031872487401619384,0.0038750871163696385,0.0,4,deepseek,Bridge
Manamama,0.042806183115338875,38,0.27672656795576017,0.003674756723973584,0.0,4,deepseek,Bridge
Shiven-saini,0.015457788347205705,15,0.005316460916192063,0.003278170973570723,0.0,9,ollama,Bridge
MichalZak17,0.034482758620689655,32,0.031447516184436544,0.003271495132636669,0.0,3,deepseek,Bridge
prusnak,0.011890606420927466,14,0.0024262499292225814,0.0032257329560069917,0.0,0,ollama,Bridge
engalisabry,0.0535077288941736,45,0.05425853575675186,0.0031918798534511226,0.0,5,deepseek,Bridge
UjuiUjuMandan,0.04161712247324613,37,0.05449228997980476,0.0030744940090148293,0.0,4,deepseek,Bridge
XenonPy,0.034482758620689655,33,0.06434094426514181,0.0030095041187339923,0.0,4,deepseek,Bridge
zytoh0,0.04875148632580261,41,0.07234207609890672,0.0029641030922444573,0.0,7,ollama,Bridge
ddpasa,0.02853745541022592,24,0.006838904949072916,0.0029006985095564345,0.0,6,ollama,Bridge
cbornet,0.00356718192627824,10,0.0,0.0028231031432575785,0.10164590193818848,1,langchain,Amplifier
bmizerany,0.022592152199762187,19,0.02625597130238581,0.002779791345470645,0.0,2,ollama,Bridge
fserb,0.020214030915576692,17,0.007860540173263302,0.0026766836162955706,0.0,10,ollama,Bridge
corticalstack,0.019024970273483946,16,0.009403487911216809,0.002663008199723824,0.0,10,ollama,Bridge
ericcurtin,0.027348394768133173,23,0.011845308872657266,0.002640232227155914,0.0,6,ollama,Bridge
philippstoboy,0.009512485136741973,11,0.002442011287273531,0.0026352498839406,0.0,0,ollama,Bridge
AlanGreyjoy,0.019024970273483946,16,0.12927139007995112,0.002611031696320783,0.0,3,deepseek,Bridge
ctx2002,0.016646848989298454,16,1.0380688145254139e-05,0.002416730251705206,0.0,11,ollama,Amplifier
yhfgyyf,0.013079667063020214,11,0.011845308872657261,0.002414012012338721,0.0,8,deepseek,Bridge
Eren-Yeaager,0.026159334126040427,23,0.012786990638506694,0.002383613194984433,0.0,3,deepseek,Bridge
nomagick,0.020214030915576692,20,0.07559632334899881,0.002377782174241412,0.0,4,deepseek,Bridge
ChalsLapWork,0.020214030915576692,19,0.0010132023479229517,0.0023775573745890835,0.0,3,deepseek,Amplifier
mowentian,0.009512485136741973,8,0.016567578279825607,0.0023702599994491957,0.0,18,deepseek,Bridge
catsled,0.013079667063020214,11,0.04215786195572163,0.002328542595823597,0.0,8,deepseek,Bridge
twythebest,0.009512485136741973,10,0.0021459735869427945,0.002199577745870089,0.0,9,ollama,Bridge
devlux76,0.008323424494649227,7,0.013537355367908553,0.002159162110281368,0.0,15,ollama,Bridge
SeekPoint,0.011890606420927466,11,0.00011583904271181321,0.002153430595663668,0.0,0,ollama,Amplifier
S1monlebon,0.029726516052318665,26,0.0005606288564501569,0.0021099714749544707,0.0,4,deepseek,Amplifier
dmatora,0.015457788347205705,13,0.006970160240077008,0.0020792013476814684,0.0,10,ollama,Bridge
davidogundepo,0.009512485136741973,8,0.01185663325972482,0.002049882328245506,0.0,14,mixed,Bridge
seanmavley,0.0178359096313912,15,0.0018769421658252977,0.002044570009708283,0.0,2,ollama,Bridge
sabbirsam,0.0178359096313912,15,0.0018769421658252977,0.002044570009708283,0.0,2,ollama,Bridge
epicwhale,0.0178359096313912,15,0.0018769421658252977,0.002044570009708283,0.0,2,ollama,Bridge
rabadur503,0.0178359096313912,15,0.0018769421658252977,0.002044570009708283,0.0,2,ollama,Bridge
Paras1209,0.0178359096313912,15,0.0018769421658252977,0.002044570009708283,0.0,2,ollama,Bridge
aidanxyz,0.0178359096313912,15,0.0018769421658252977,0.002044570009708283,0.0,2,ollama,Bridge
arjunivor,0.0178359096313912,15,0.0018769421658252977,0.002044570009708283,0.0,2,ollama,Bridge
blackhaj,0.0178359096313912,15,0.0018769421658252977,0.002044570009708283,0.0,2,ollama,Bridge
efe3535,0.0178359096313912,15,0.0018769421658252977,0.002044570009708283,0.0,2,ollama,Bridge
ajayjoshioutdosolutions,0.0178359096313912,15,0.0018769421658252977,0.002044570009708283,0.0,2,ollama,Bridge
ERICK-ZABALA,0.0178359096313912,15,0.0018769421658252977,0.002044570009708283,0.0,2,ollama,Bridge
AvtarSinghChundawat,0.0178359096313912,15,0.0018769421658252977,0.002044570009708283,0.0,2,ollama,Bridge
ChaosCom,0.0178359096313912,15,0.0018769421658252977,0.002044570009708283,0.0,2,ollama,Bridge
prdai,0.009512485136741973,8,0.029861087518637763,0.001993461792486236,0.0,5,deepseek,Bridge
alicercedigital,0.020214030915576692,19,8.021440839514562e-05,0.0019674474828111554,0.0,3,deepseek,Amplifier
younes-io,0.020214030915576692,19,8.021440839514562e-05,0.0019674474828111554,0.0,3,deepseek,Amplifier
MIC-BO,0.040428061831153383,35,0.0032408080817212543,0.0019540611355324373,0.0,7,ollama,Bridge
franz101,0.040428061831153383,35,0.0032408080817212543,0.0019540611355324373,0.0,7,ollama,Bridge
hackthedev,0.027348394768133173,23,0.004956234736895497,0.001954046271066451,0.0,4,deepseek,Bridge
amytimed,0.022592152199762187,19,0.008642601928358869,0.0019195518760464366,0.0,6,ollama,Bridge
ahmedtalaltwd7,0.015457788347205705,13,0.0004358462877755894,0.0018885512190634623,0.0,11,ollama,Amplifier
jyomu,0.015457788347205705,13,0.0004358462877755894,0.0018885512190634623,0.0,11,ollama,Amplifier
FogoVoar,0.015457788347205705,13,0.0004358462877755894,0.0018885512190634623,0.0,11,ollama,Amplifier
mdjamilkashemporosh,0.015457788347205705,13,0.0004358462877755894,0.0018885512190634623,0.0,11,ollama,Amplifier
privacyfreak84,0.015457788347205705,13,0.0004358462877755894,0.0018885512190634623,0.0,11,ollama,Amplifier
zeroducksleft,0.015457788347205705,13,0.0004358462877755894,0.0018885512190634623,0.0,11,ollama,Amplifier
mcapodici,0.015457788347205705,13,0.0004358462877755894,0.0018885512190634623,0.0,11,ollama,Amplifier
h3isenbug,0.015457788347205705,13,0.0004358462877755894,0.0018885512190634623,0.0,11,ollama,Amplifier
grav,0.015457788347205705,13,0.0004358462877755894,0.0018885512190634623,0.0,11,ollama,Amplifier
cniebla,0.015457788347205705,13,0.0004358462877755894,0.0018885512190634623,0.0,11,ollama,Amplifier
bertoxic,0.015457788347205705,13,0.0004358462877755894,0.0018885512190634623,0.0,11,ollama,Amplifier
MaGnus-Li,0.015457788347205705,13,0.02822037257233453,0.0018671544266282791,0.0,13,deepseek,Bridge
kaiyliu,0.009512485136741973,8,0.011761885887926041,0.0018663789568326087,0.0,5,deepseek,Bridge
odrobnik,0.011890606420927466,11,0.0,0.0018453016629306985,0.0,16,ollama,Amplifier
duttaoindril,0.009512485136741973,9,1.9581752637638486e-05,0.001793870144454337,0.0,0,ollama,Amplifier
KobyPierce,0.021403091557669437,18,0.0,0.0017746555688592743,0.0,6,ollama,Amplifier
utherbone,0.021403091557669437,18,0.0,0.0017746555688592743,0.0,6,ollama,Amplifier
bunelaa,0.021403091557669437,18,0.0,0.0017746555688592743,0.0,6,ollama,Amplifier
Pufferfish,0.021403091557669437,18,0.0,0.0017746555688592743,0.0,6,ollama,Amplifier
monxa,0.021403091557669437,18,0.0,0.0017746555688592743,0.0,6,ollama,Amplifier
cmm,0.021403091557669437,18,0.0,0.0017746555688592743,0.0,6,ollama,Amplifier
okamototk,0.021403091557669437,18,0.0,0.0017746555688592743,0.0,6,ollama,Amplifier
jim3692,0.021403091557669437,18,0.0,0.0017746555688592743,0.0,6,ollama,Amplifier
gtors,0.021403091557669437,18,0.0,0.0017746555688592743,0.0,6,ollama,Amplifier
pepijndevos,0.021403091557669437,18,0.0,0.0017746555688592743,0.0,6,ollama,Amplifier
TheNexter,0.021403091557669437,18,0.0,0.0017746555688592743,0.0,6,ollama,Amplifier
rstacruz,0.021403091557669437,18,0.0,0.0017746555688592743,0.0,6,ollama,Amplifier
yeongbba,0.021403091557669437,18,0.0,0.0017746555688592743,0.0,6,ollama,Amplifier
Schlaefer,0.021403091557669437,18,0.0,0.0017746555688592743,0.0,6,ollama,Amplifier
EdoaLive,0.021403091557669437,18,0.0,0.0017746555688592743,0.0,6,ollama,Amplifier
libing64,0.03804994054696789,32,0.00475066364238918,0.0017665618988674933,0.0,7,ollama,Bridge
dhiltgen,0.005945303210463733,6,0.007125870562255815,0.0017396485320157903,0.12427960917878132,0,ollama,Bridge
AlgorithmicKing737,0.013079667063020214,11,0.002378121284185494,0.001730576456811022,0.0,10,ollama,Bridge
najanai,0.01426872770511296,16,0.038076269746899934,0.0017280322113482091,0.0,4,deepseek,Bridge
vYLQs6,0.0047562425683709865,6,0.0024028933808957595,0.001711595076324235,0.0,0,ollama,Bridge
nguyenhongson1902,0.013079667063020214,13,0.002200942858723251,0.0016644959311687274,0.0,2,ollama,Bridge
MoRocety,0.013079667063020214,13,0.002200942858723251,0.0016644959311687274,0.0,2,ollama,Bridge
neuhaus,0.009512485136741973,8,0.003039182379253715,0.001648300207659149,0.0,0,ollama,Bridge
majian159,0.011890606420927466,10,0.00023554725100503727,0.0016430664039946985,0.0,16,ollama,Amplifier
cbjuan,0.011890606420927466,10,0.00023554725100503727,0.0016430664039946985,0.0,16,ollama,Amplifier
arraylabs,0.011890606420927466,10,0.00023554725100503727,0.0016430664039946985,0.0,16,ollama,Amplifier
oceanapplications,0.011890606420927466,10,0.00023554725100503727,0.0016430664039946985,0.0,16,ollama,Amplifier
tompipe,0.011890606420927466,10,0.00023554725100503727,0.0016430664039946985,0.0,16,ollama,Amplifier
DevinduSamarasinghe,0.011890606420927466,10,0.00023554725100503727,0.0016430664039946985,0.0,16,ollama,Amplifier
IpslWon,0.011890606420927466,10,0.00023554725100503727,0.0016430664039946985,0.0,16,ollama,Amplifier
niltonvasques,0.011890606420927466,10,0.00023554725100503727,0.0016430664039946985,0.0,16,ollama,Amplifier
nikito,0.011890606420927466,10,0.00023554725100503727,0.0016430664039946985,0.0,16,ollama,Amplifier
TomaKatzarov,0.01426872770511296,12,0.007117931695072008,0.0016095890716240153,0.0,3,deepseek,Bridge
fallenreaper,0.005945303210463733,7,0.007062170885000851,0.0016024952465356116,0.0,0,ollama,Bridge
stevefan1999-personal,0.024970273483947678,21,0.00020565436205830797,0.0015919941112581162,0.0,4,deepseek,Amplifier
zoy-l,0.024970273483947678,21,0.00020565436205830797,0.0015919941112581162,0.0,4,deepseek,Amplifier
vmajor,0.024970273483947678,21,0.00020565436205830797,0.0015919941112581162,0.0,4,deepseek,Amplifier
stormyordos,0.024970273483947678,21,0.00020565436205830797,0.0015919941112581162,0.0,4,deepseek,Amplifier
realStandal,0.024970273483947678,21,0.00020565436205830797,0.0015919941112581162,0.0,4,deepseek,Amplifier
murilopereira006,0.024970273483947678,21,0.00020565436205830797,0.0015919941112581162,0.0,4,deepseek,Amplifier
lbg2008,0.024970273483947678,21,0.00020565436205830797,0.0015919941112581162,0.0,4,deepseek,Amplifier
Nareshvrao,0.024970273483947678,21,0.00020565436205830797,0.0015919941112581162,0.0,4,deepseek,Amplifier
saibalaji717,0.024970273483947678,21,0.00020565436205830797,0.0015919941112581162,0.0,4,deepseek,Amplifier
ntxxt,0.024970273483947678,21,0.00020565436205830797,0.0015919941112581162,0.0,4,deepseek,Amplifier
SirFutile586,0.024970273483947678,21,0.00020565436205830797,0.0015919941112581162,0.0,4,deepseek,Amplifier
ssjjyy410,0.024970273483947678,21,0.00020565436205830797,0.0015919941112581162,0.0,4,deepseek,Amplifier
Mganzzzzz,0.024970273483947678,21,0.00020565436205830797,0.0015919941112581162,0.0,4,deepseek,Amplifier
EsteraCodes,0.024970273483947678,21,0.00020565436205830797,0.0015919941112581162,0.0,4,deepseek,Amplifier
wangxiangg1,0.024970273483947678,21,0.00020565436205830797,0.0015919941112581162,0.0,4,deepseek,Amplifier
vrocwang,0.024970273483947678,21,0.00020565436205830797,0.0015919941112581162,0.0,4,deepseek,Amplifier
mchiang0610,0.005945303210463733,5,0.017961354951832223,0.001586724464807211,0.0,0,ollama,Bridge
waltercool,0.00713436385255648,6,0.006111425907654736,0.0015538078383586337,0.0,0,ollama,Bridge
letscagefdn,0.03091557669441141,26,0.0,0.001539195869481995,0.0,5,deepseek,Peripheral
juanjopc,0.03091557669441141,26,0.0,0.001539195869481995,0.0,5,deepseek,Peripheral
phpmac,0.03091557669441141,26,0.0,0.001539195869481995,0.0,5,deepseek,Peripheral
lzl-mt,0.03091557669441141,26,0.0,0.001539195869481995,0.0,5,deepseek,Peripheral
jenyss,0.03091557669441141,26,0.0,0.001539195869481995,0.0,5,deepseek,Peripheral
reatang,0.03091557669441141,26,0.0,0.001539195869481995,0.0,5,deepseek,Peripheral
liberty-rapid,0.03091557669441141,26,0.0,0.001539195869481995,0.0,5,deepseek,Peripheral
vepicurean,0.03091557669441141,26,0.0,0.001539195869481995,0.0,5,deepseek,Peripheral
sigren,0.03091557669441141,26,0.0,0.001539195869481995,0.0,5,deepseek,Peripheral
thorwebdev,0.03091557669441141,26,0.0,0.001539195869481995,0.0,5,deepseek,Peripheral
dickens88,0.03091557669441141,26,0.0,0.001539195869481995,0.0,5,deepseek,Peripheral
danruggi,0.03091557669441141,26,0.0,0.001539195869481995,0.0,5,deepseek,Peripheral
feliks912,0.03091557669441141,26,0.0,0.001539195869481995,0.0,5,deepseek,Peripheral
aaronvg,0.03091557669441141,26,0.0,0.001539195869481995,0.0,5,deepseek,Peripheral
MehdiBukhari,0.03091557669441141,26,0.0,0.001539195869481995,0.0,5,deepseek,Peripheral
bgarnr,0.03091557669441141,26,0.0,0.001539195869481995,0.0,5,deepseek,Peripheral
abylikhsanov,0.03091557669441141,26,0.0,0.001539195869481995,0.0,5,deepseek,Peripheral
jayeew,0.03091557669441141,26,0.0,0.001539195869481995,0.0,5,deepseek,Peripheral
flyfish101,0.03091557669441141,26,0.0,0.001539195869481995,0.0,5,deepseek,Peripheral
ibndias,0.03091557669441141,26,0.0,0.001539195869481995,0.0,5,deepseek,Peripheral
jacobpretorius,0.03091557669441141,26,0.0,0.001539195869481995,0.0,5,deepseek,Peripheral
enemchy,0.03091557669441141,26,0.0,0.001539195869481995,0.0,5,deepseek,Peripheral
Dey-Sumit,0.03091557669441141,26,0.0,0.001539195869481995,0.0,5,deepseek,Peripheral
FORNDODAper,0.03091557669441141,26,0.0,0.001539195869481995,0.0,5,deepseek,Peripheral
Chrisbattarbee,0.03091557669441141,26,0.0,0.001539195869481995,0.0,5,deepseek,Peripheral
pannous,0.008323424494649227,7,0.4770398052205425,0.0015202027385073803,0.0,14,mixed,Bridge
sardanabhav,0.00356718192627824,3,0.0047534114716041,0.001515703404155923,0.007845705674306152,1,langchain,Bridge
PrinceSajjadHussain,0.0047562425683709865,5,0.004750580374837213,0.0015019110189283336,0.0,0,ollama,Bridge
FellowTraveler,0.005945303210463733,5,0.004750580374837213,0.001491324800081608,0.0,14,mixed,Bridge
LeiHao0,0.011890606420927466,10,0.0,0.001474100212345755,0.0,10,ollama,Peripheral
Tanote650,0.011890606420927466,10,0.0,0.001474100212345755,0.0,10,ollama,Peripheral
mattapperson,0.011890606420927466,10,0.0,0.0014741002123457548,0.0,10,ollama,Peripheral
renato-umeton,0.011890606420927466,10,0.0,0.0014741002123457548,0.0,10,ollama,Peripheral
sakthi-geek,0.011890606420927466,10,0.0,0.0014741002123457548,0.0,10,ollama,Peripheral
ngxson,0.011890606420927466,10,0.0,0.0014741002123457548,0.0,10,ollama,Peripheral
verygreen,0.011890606420927466,10,0.0,0.0014741002123457548,0.0,10,ollama,Peripheral
Sahil9-coder,0.015457788347205705,13,3.137798916633638e-06,0.0014707056937520622,0.0,3,deepseek,Peripheral
swati536,0.015457788347205705,13,3.137798916633638e-06,0.0014707056937520622,0.0,3,deepseek,Peripheral
YepJin,0.015457788347205705,13,3.137798916633638e-06,0.0014707056937520622,0.0,3,deepseek,Peripheral
sldsmkd,0.015457788347205705,13,3.137798916633638e-06,0.0014707056937520622,0.0,3,deepseek,Peripheral
f3r33n,0.015457788347205705,13,3.137798916633638e-06,0.0014707056937520622,0.0,3,deepseek,Peripheral
kmkamilkhel,0.015457788347205705,13,3.137798916633638e-06,0.0014707056937520622,0.0,3,deepseek,Peripheral
mihoko-da,0.015457788347205705,13,3.137798916633638e-06,0.0014707056937520622,0.0,3,deepseek,Peripheral
FullStack-webDevloper,0.015457788347205705,13,3.137798916633638e-06,0.0014707056937520622,0.0,3,deepseek,Peripheral
Shripad735,0.015457788347205705,13,3.137798916633638e-06,0.0014707056937520622,0.0,3,deepseek,Peripheral
Abenu10,0.015457788347205705,13,3.137798916633638e-06,0.0014707056937520622,0.0,3,deepseek,Peripheral
isac1990,0.00713436385255648,6,0.04834041107525163,0.0014692002692143274,0.0,8,deepseek,Bridge
jessegross,0.00356718192627824,3,0.0047534114716041,0.0014413070093501755,0.0,15,ollama,Bridge
isaacasancheza,0.0356718192627824,30,8.326755196727917e-08,0.0014403309405853564,0.0,7,ollama,Peripheral
kongkang,0.0356718192627824,30,8.326755196727917e-08,0.0014403309405853564,0.0,7,ollama,Peripheral
snt1017,0.0356718192627824,30,8.326755196727917e-08,0.0014403309405853564,0.0,7,ollama,Peripheral
skytodmoon,0.0356718192627824,30,8.326755196727917e-08,0.0014403309405853564,0.0,7,ollama,Peripheral
toplinuxsir,0.0356718192627824,30,8.326755196727917e-08,0.0014403309405853564,0.0,7,ollama,Peripheral
movitecc,0.0356718192627824,30,8.326755196727917e-08,0.0014403309405853564,0.0,7,ollama,Peripheral
nurena24,0.0356718192627824,30,8.326755196727917e-08,0.0014403309405853564,0.0,7,ollama,Peripheral
sakujor,0.0356718192627824,30,8.326755196727917e-08,0.0014403309405853564,0.0,7,ollama,Peripheral
philogicae,0.0356718192627824,30,8.326755196727917e-08,0.0014403309405853564,0.0,7,ollama,Peripheral
4austinpowers,0.0356718192627824,30,8.326755196727917e-08,0.0014403309405853564,0.0,7,ollama,Peripheral
tobalo,0.0356718192627824,30,8.326755196727917e-08,0.0014403309405853564,0.0,7,ollama,Peripheral
xindoreen,0.0356718192627824,30,8.326755196727917e-08,0.0014403309405853564,0.0,7,ollama,Peripheral
wlsoft2006,0.0356718192627824,30,8.326755196727917e-08,0.0014403309405853564,0.0,7,ollama,Peripheral
wwek,0.0356718192627824,30,8.326755196727917e-08,0.0014403309405853564,0.0,7,ollama,Peripheral
random-zhu,0.0356718192627824,30,8.326755196727917e-08,0.0014403309405853564,0.0,7,ollama,Peripheral
iammrbt,0.0356718192627824,30,8.326755196727917e-08,0.0014403309405853564,0.0,7,ollama,Peripheral
deadprogram,0.0356718192627824,30,8.326755196727917e-08,0.0014403309405853564,0.0,7,ollama,Peripheral
cmheong,0.0356718192627824,30,8.326755196727917e-08,0.0014403309405853564,0.0,7,ollama,Peripheral
kattatzu,0.0356718192627824,30,8.326755196727917e-08,0.0014403309405853564,0.0,7,ollama,Peripheral
dengber,0.0356718192627824,30,8.326755196727917e-08,0.0014403309405853564,0.0,7,ollama,Peripheral
edgett,0.0356718192627824,30,8.326755196727917e-08,0.0014403309405853564,0.0,7,ollama,Peripheral
DhairyaNxtgen,0.0356718192627824,30,8.326755196727917e-08,0.0014403309405853564,0.0,7,ollama,Peripheral
TheurgicDuke771,0.0356718192627824,30,8.326755196727917e-08,0.0014403309405853564,0.0,7,ollama,Peripheral
OverStruck,0.0356718192627824,30,8.326755196727917e-08,0.0014403309405853564,0.0,7,ollama,Peripheral
BrokenByteOfCode,0.0356718192627824,30,8.326755196727917e-08,0.0014403309405853564,0.0,7,ollama,Peripheral
ImranR98,0.0356718192627824,30,8.326755196727917e-08,0.0014403309405853564,0.0,7,ollama,Peripheral
jorgevespa,0.0356718192627824,30,8.326755196727917e-08,0.0014403309405853564,0.0,7,ollama,Peripheral
PeterXiaTian,0.00713436385255648,6,0.011833984485589711,0.00142634507043935,0.0,8,deepseek,Bridge
snarkyalyx,0.010701545778834719,9,0.014198830867337768,0.0014241971766250424,0.0,4,deepseek,Bridge
DaneshCode,0.0047562425683709865,4,0.002378121284185494,0.0014191046849269424,0.0,18,deepseek,Bridge
Kreijstal,0.0047562425683709865,4,0.0047505803748372115,0.001405630245827981,0.0,9,ollama,Bridge
NeoZhangJianyu,0.00713436385255648,6,0.009300639216630617,0.0014024740116563282,0.0,6,ollama,Bridge
DangNhutNguyen,0.005945303210463733,5,0.0017005397855519326,0.001390478333473223,0.0,15,ollama,Peripheral
APinchofDill,0.009512485136741973,8,0.006214540512994678,0.0013814249156328259,0.0,3,deepseek,Bridge
jaykhatri0875,0.00713436385255648,6,0.003172058224476196,0.0013778127091946069,0.0,0,ollama,Bridge
Rakhsan,0.0047562425683709865,4,0.004750580374837213,0.0013622380632499376,0.0,0,ollama,Bridge
Panican-Whyasker,0.00713436385255648,6,0.002378121284185493,0.001358838085314104,0.0,2,ollama,Bridge
teekuningas,0.008323424494649227,7,0.0006610610950682271,0.0013581595400353863,0.0,0,ollama,Peripheral
sharpe5,0.008323424494649227,7,0.0006610610950682271,0.0013581595400353863,0.0,0,ollama,Peripheral
Auto-Rooter,0.008323424494649227,7,0.0006610610950682271,0.0013581595400353863,0.0,0,ollama,Peripheral
tbiehn,0.00713436385255648,6,0.020274544841829927,0.0013337191395684865,0.0,9,ollama,Bridge
maverickOG,0.00713436385255648,6,0.0023781212841854937,0.001317766693599895,0.0,4,deepseek,Bridge
xtareq,0.00356718192627824,3,0.004750580374837212,0.0013174533557626141,0.0,19,ollama,Bridge
DuskyElf,0.00713436385255648,6,0.0,0.0013159885797336247,0.0,0,ollama,Peripheral
cjuerg67,0.00713436385255648,6,0.0,0.0013159885797336247,0.0,0,ollama,Peripheral
erix22,0.00713436385255648,6,0.0,0.0013159885797336247,0.0,0,ollama,Peripheral
CasCard,0.00713436385255648,6,0.0,0.0013159885797336247,0.0,0,ollama,Peripheral
PrashantSakre,0.00713436385255648,6,0.0,0.0013159885797336247,0.0,0,ollama,Peripheral
nexon33,0.00713436385255648,6,0.0,0.0013159885797336247,0.0,0,ollama,Peripheral
xiehongxin,0.00713436385255648,6,0.0,0.0013159885797336247,0.0,0,ollama,Peripheral
ACertainArchangel,0.00713436385255648,6,0.0,0.0013159885797336247,0.0,0,ollama,Peripheral
dazistgut,0.00713436385255648,6,0.0,0.0013159885797336247,0.0,0,ollama,Peripheral
andreagrandi,0.00713436385255648,6,0.0,0.0013159885797336247,0.0,0,ollama,Peripheral
Mrahmani71,0.00713436385255648,6,0.0,0.0013159885797336247,0.0,0,ollama,Peripheral
martinwozenilek,0.00713436385255648,6,0.0,0.0013159885797336247,0.0,0,ollama,Peripheral
kha84,0.00356718192627824,5,1.415548383443746e-06,0.0013089970176455715,0.0,0,ollama,Peripheral
yifan0011,0.0047562425683709865,4,0.002378121284185494,0.0012875859287869538,0.0,0,ollama,Bridge
tianshan233,0.011890606420927466,10,0.0,0.0012778386129821604,0.0,13,deepseek,Peripheral
luckman212,0.011890606420927466,10,0.0,0.0012778386129821604,0.0,13,deepseek,Peripheral
PetrDvoracek,0.011890606420927466,10,0.0,0.0012778386129821604,0.0,13,deepseek,Peripheral
Mehdi-Yanat,0.011890606420927466,10,0.0,0.0012778386129821604,0.0,13,deepseek,Peripheral
alpatiev,0.011890606420927466,10,0.0,0.0012778386129821604,0.0,13,deepseek,Peripheral
0xtanmoysamanta,0.011890606420927466,10,0.0,0.0012778386129821604,0.0,13,deepseek,Peripheral
jiwaCh,0.011890606420927466,10,0.0,0.0012778386129821604,0.0,13,deepseek,Peripheral
ankitT20,0.011890606420927466,10,0.0,0.0012778386129821604,0.0,13,deepseek,Peripheral
mognify,0.011890606420927466,10,0.0,0.0012778386129821604,0.0,13,deepseek,Peripheral
Ret2lib,0.011890606420927466,10,0.0,0.0012778386129821604,0.0,13,deepseek,Peripheral
rampageservices,0.009512485136741973,8,0.0,0.0012675216714665312,0.0,2,ollama,Peripheral
flyfox666,0.009512485136741973,8,0.0,0.0012675216714665312,0.0,2,ollama,Peripheral
harisiqbal12,0.009512485136741973,8,0.0,0.0012675216714665312,0.0,2,ollama,Peripheral
arunofhyd,0.009512485136741973,8,0.0,0.0012675216714665312,0.0,2,ollama,Peripheral
eduanmoldeep,0.009512485136741973,8,0.0,0.0012675216714665312,0.0,2,ollama,Peripheral
krecco,0.009512485136741973,8,0.0,0.0012675216714665312,0.0,2,ollama,Peripheral
HildaJ,0.009512485136741973,8,0.0,0.0012675216714665312,0.0,2,ollama,Peripheral
Nitish-bot,0.009512485136741973,8,0.0,0.0012675216714665312,0.0,2,ollama,Peripheral
cleverunit,0.0047562425683709865,5,1.1324387067549968e-05,0.0012640692302766465,0.0,0,ollama,Peripheral
xxyyy,0.00713436385255648,6,0.0,0.0012571984748421504,0.0,8,deepseek,Peripheral
LCorleone,0.00713436385255648,6,0.0,0.0012571984748421504,0.0,8,deepseek,Peripheral
haibingtown,0.00713436385255648,6,0.0,0.0012571984748421504,0.0,8,deepseek,Peripheral
breakenknife,0.00713436385255648,6,0.0,0.0012571984748421504,0.0,8,deepseek,Peripheral
Halflifefa,0.00713436385255648,6,0.0,0.0012571984748421504,0.0,8,deepseek,Peripheral
pprados,0.0023781212841854932,4,0.0,0.0012331073107203952,0.01968589646108686,1,langchain,Peripheral
plmsmile,0.005945303210463733,5,0.001991204726044201,0.0012250816127032224,0.0,8,deepseek,Bridge
BruceMacD,0.00356718192627824,3,0.004753411471604098,0.0012145805775187972,0.0,2,ollama,Bridge
user-33948,0.005945303210463733,5,0.013188116549322516,0.0012106748727549414,0.0,6,ollama,Bridge
ghj1976,0.005945303210463733,5,0.0,0.0011882814932644903,0.0,8,deepseek,Peripheral
4amup,0.005945303210463733,5,0.0,0.0011882814932644903,0.0,8,deepseek,Peripheral
kangkannnng,0.005945303210463733,5,0.0,0.0011882814932644903,0.0,8,deepseek,Peripheral
sunnyhwang,0.005945303210463733,5,0.0,0.0011882814932644903,0.0,8,deepseek,Peripheral
wardenxyz,0.005945303210463733,5,0.0,0.0011882814932644903,0.0,8,deepseek,Peripheral
pinballelectronica,0.009512485136741973,8,0.0019141215903762006,0.0011881290791318562,0.0,2,ollama,Bridge
YarvixPA,0.009512485136741973,8,0.0019141215903762006,0.0011881290791318562,0.0,2,ollama,Bridge
seblessa,0.009512485136741973,8,0.0019141215903762006,0.0011881290791318562,0.0,2,ollama,Bridge
3unnycheung,0.009512485136741973,8,0.0019141215903762006,0.0011881290791318562,0.0,2,ollama,Bridge
Dango233,0.005945303210463733,5,0.007777320165405206,0.0011826639954173393,0.0,9,ollama,Bridge
CberYellowstone,0.005945303210463733,5,0.007777320165405206,0.0011826639954173393,0.0,9,ollama,Bridge
Vilchis-Joshua,0.0047562425683709865,4,0.004460623568097894,0.00117858612792457,0.0,0,ollama,Bridge
di-su,0.0178359096313912,15,0.0,0.0011525458235109064,0.0,12,deepseek,Peripheral
Sariel2,0.0178359096313912,15,0.0,0.0011525458235109064,0.0,12,deepseek,Peripheral
Slim0729,0.0178359096313912,15,0.0,0.0011525458235109064,0.0,12,deepseek,Peripheral
Zijie-Tian,0.0178359096313912,15,0.0,0.0011525458235109064,0.0,12,deepseek,Peripheral
Julianlaue,0.0178359096313912,15,0.0,0.0011525458235109064,0.0,12,deepseek,Peripheral
CH0918,0.0178359096313912,15,0.0,0.0011525458235109064,0.0,12,deepseek,Peripheral
Hanif-adedotun,0.0178359096313912,15,0.0,0.0011525458235109064,0.0,12,deepseek,Peripheral
namp,0.0178359096313912,15,0.0,0.0011525458235109064,0.0,12,deepseek,Peripheral
xiaoxu193,0.0178359096313912,15,0.0,0.0011525458235109064,0.0,12,deepseek,Peripheral
li2109,0.0178359096313912,15,0.0,0.0011525458235109064,0.0,12,deepseek,Peripheral
luojiyin1987,0.0178359096313912,15,0.0,0.0011525458235109064,0.0,12,deepseek,Peripheral
fengerzh,0.0178359096313912,15,0.0,0.0011525458235109064,0.0,12,deepseek,Peripheral
YuBai630,0.0178359096313912,15,0.0,0.0011525458235109064,0.0,12,deepseek,Peripheral
akilcelen,0.0178359096313912,15,0.0,0.0011525458235109064,0.0,12,deepseek,Peripheral
clinchcc,0.0178359096313912,15,0.0,0.0011525458235109064,0.0,12,deepseek,Peripheral
hrishi-008,0.00356718192627824,3,0.0184420474491818,0.0011524354897425888,0.0,1,langchain,Bridge
vvidovic,0.0047562425683709865,5,0.0,0.0011508157609441331,0.0,0,ollama,Peripheral
orlyandico,0.0047562425683709865,5,0.0,0.0011508157609441331,0.0,0,ollama,Peripheral
Mario4272,0.0047562425683709865,4,0.00025737418121912645,0.0011333112008947727,0.0,0,ollama,Peripheral
ksmooi,0.0023781212841854932,3,0.0,0.001128888680483636,0.0,1,langchain,Peripheral
Potracheno,0.0047562425683709865,5,0.0,0.0011251111217537117,0.0,2,ollama,Peripheral
qits-kkruse,0.00356718192627824,3,0.004750580374837213,0.0011156198411589563,0.0,20,ollama,Bridge
melroy89,0.00356718192627824,3,0.002378121284185494,0.0010930108121085496,0.0,0,ollama,Bridge
JohnnyLeuthard,0.00356718192627824,3,0.002378121284185494,0.0010930108121085496,0.0,0,ollama,Bridge
James4Ever0,0.0023781212841854932,2,0.002378121284185494,0.0010825726149170506,0.0,0,ollama,Bridge
sieveLau,0.011890606420927466,10,6.959779551931751e-07,0.0010793358630116316,0.0,3,deepseek,Peripheral
andemohit,0.011890606420927466,10,6.959779551931751e-07,0.0010793358630116316,0.0,3,deepseek,Peripheral
dzprod,0.011890606420927466,10,6.959779551931751e-07,0.0010793358630116316,0.0,3,deepseek,Peripheral
viotemp1,0.011890606420927466,10,6.959779551931751e-07,0.0010793358630116316,0.0,3,deepseek,Peripheral
mannas006,0.011890606420927466,10,6.959779551931751e-07,0.0010793358630116316,0.0,3,deepseek,Peripheral
Internaler,0.011890606420927466,10,6.959779551931751e-07,0.0010793358630116316,0.0,3,deepseek,Peripheral
nishant0811,0.011890606420927466,10,6.959779551931751e-07,0.0010793358630116316,0.0,3,deepseek,Peripheral
Toolfolks,0.005945303210463733,5,0.0007939369402906868,0.0010731452918627783,0.0,0,ollama,Peripheral
devroopsaha744,0.005945303210463733,5,0.0007939369402906868,0.0010731452918627783,0.0,0,ollama,Peripheral
zengqingfu1442,0.005945303210463733,5,0.0,0.001071029670305291,0.0,10,ollama,Peripheral
zhiyanliu,0.005945303210463733,5,0.0,0.001071029670305291,0.0,10,ollama,Peripheral
pmarreck,0.005945303210463733,5,0.0,0.001071029670305291,0.0,10,ollama,Peripheral
bgort,0.005945303210463733,5,0.0,0.001071029670305291,0.0,10,ollama,Peripheral
Franspi-lol,0.011890606420927466,10,0.0,0.0010578092374004544,0.0,17,deepseek,Peripheral
magicgopher,0.011890606420927466,10,0.0,0.0010578092374004544,0.0,17,deepseek,Peripheral
Yomihay-qut,0.011890606420927466,10,0.0,0.0010578092374004544,0.0,17,deepseek,Peripheral
jatmi,0.011890606420927466,10,0.0,0.0010578092374004544,0.0,17,deepseek,Peripheral
dowdah,0.011890606420927466,10,0.0,0.0010578092374004544,0.0,17,deepseek,Peripheral
ococl,0.011890606420927466,10,0.0,0.0010578092374004544,0.0,17,deepseek,Peripheral
CaseMisty,0.011890606420927466,10,0.0,0.0010578092374004544,0.0,17,deepseek,Peripheral
BoBoooooo,0.011890606420927466,10,0.0,0.0010578092374004544,0.0,17,deepseek,Peripheral
Euclid-Jie,0.011890606420927466,10,0.0,0.0010578092374004544,0.0,17,deepseek,Peripheral
Odradecks,0.011890606420927466,10,0.0,0.0010578092374004544,0.0,17,deepseek,Peripheral
nuxil,0.0047562425683709865,4,0.00043414629389373774,0.0010576739355677752,0.0,15,ollama,Peripheral
belfie13,0.005945303210463733,5,0.0,0.0010566027322251883,0.0,2,ollama,Peripheral
GuiAmPm,0.005945303210463733,5,0.0,0.0010566027322251883,0.0,2,ollama,Peripheral
sammyf,0.005945303210463733,5,0.0,0.0010566027322251883,0.0,2,ollama,Peripheral
ryant00000,0.005945303210463733,5,0.0,0.0010566027322251883,0.0,2,ollama,Peripheral
cat-state,0.0047562425683709865,4,0.05276164052620698,0.0010555434198310358,0.0,8,deepseek,Bridge
nevakrien,0.0023781212841854932,4,0.0,0.0010517483862032893,0.0,0,ollama,Peripheral
bobqianic,0.010701545778834719,9,5.544231168488004e-07,0.0010512639337984043,0.0,3,deepseek,Peripheral
hythl0day,0.010701545778834719,9,5.544231168488004e-07,0.0010512639337984043,0.0,3,deepseek,Peripheral
ltato1,0.010701545778834719,9,5.544231168488004e-07,0.0010512639337984043,0.0,3,deepseek,Peripheral
liuyujielol,0.010701545778834719,9,5.544231168488004e-07,0.0010512639337984043,0.0,3,deepseek,Peripheral
kiranrs,0.010701545778834719,9,5.544231168488004e-07,0.0010512639337984043,0.0,3,deepseek,Peripheral
RAPHCVR,0.010701545778834719,9,5.544231168488004e-07,0.0010512639337984043,0.0,3,deepseek,Peripheral
echarlaix,0.0023781212841854932,3,0.0,0.001039742022510848,0.0,1,langchain,Peripheral
aybdee,0.00356718192627824,3,0.0,0.0010396670175356008,0.0,1,langchain,Peripheral
turboslapper,0.00356718192627824,3,0.0,0.0010396670175356008,0.0,1,langchain,Peripheral
Thejaswi05,0.00356718192627824,3,0.0,0.0010396670175356008,0.0,1,langchain,Peripheral
ag2s20150909,0.00356718192627824,3,0.004654540861437416,0.0010244515678741713,0.0,0,ollama,Bridge
aaazv,0.00356718192627824,3,0.0,0.0010224137008997128,0.0,18,deepseek,Peripheral
javad-sh,0.00356718192627824,3,0.0,0.0010224137008997128,0.0,18,deepseek,Peripheral
diegoavidal,0.005945303210463733,5,0.0,0.0010205423668434386,0.0,4,deepseek,Peripheral
Cristian-Fuerte-Santas,0.005945303210463733,5,0.0,0.0010205423668434386,0.0,4,deepseek,Peripheral
murilobr,0.005945303210463733,5,0.0,0.0010205423668434386,0.0,4,deepseek,Peripheral
Antony-gitau,0.005945303210463733,5,0.0,0.0010205423668434386,0.0,4,deepseek,Peripheral
3bagorion33,0.005945303210463733,6,0.0015377573938810396,0.0010191360187018037,0.0,3,deepseek,Peripheral
somnifex,0.0047562425683709865,4,0.00024342201052503573,0.0010140945031643115,0.0,9,ollama,Peripheral
MaoXinn,0.0047562425683709865,4,0.0,0.0010061250913467885,0.0,8,deepseek,Peripheral
Juniper1021,0.0047562425683709865,4,0.0,0.0010061250913467885,0.0,8,deepseek,Peripheral
Mizersy,0.0047562425683709865,4,0.0,0.0010061250913467885,0.0,8,deepseek,Peripheral
yyren7,0.0047562425683709865,4,0.0,0.0010061250913467885,0.0,8,deepseek,Peripheral
rohanrlobo,0.0047562425683709865,4,0.0009654486338622387,0.0009903893304730926,0.0,9,ollama,Peripheral
makhlwf,0.0047562425683709865,4,0.0009654486338622387,0.0009903893304730926,0.0,9,ollama,Peripheral
blastewe,0.0047562425683709865,4,0.0009654486338622387,0.0009903893304730926,0.0,9,ollama,Peripheral
lucasmontec,0.0047562425683709865,4,2.3592473057395764e-06,0.0009896632562079388,0.0,0,ollama,Peripheral
dokicode,0.0047562425683709865,4,2.3592473057395764e-06,0.0009896632562079388,0.0,0,ollama,Peripheral
xyzBart,0.0047562425683709865,4,2.3592473057395764e-06,0.0009896632562079388,0.0,0,ollama,Peripheral
GaoYuan522,0.0047562425683709865,4,0.0,0.0009840080639312956,0.0,8,deepseek,Peripheral
yzhangchuck,0.0047562425683709865,4,0.0,0.0009840080639312956,0.0,8,deepseek,Peripheral
Soumyadas15,0.0047562425683709865,4,0.002378121284185494,0.0009823011755114778,0.0,5,deepseek,Bridge
c1tt1,0.0047562425683709865,4,0.0013608455328174712,0.0009768901958072391,0.0,0,ollama,Peripheral
iplayfast,0.0023781212841854932,3,0.002378121284185494,0.0009748082941160047,0.0,0,ollama,Bridge
SarangShelke2304,0.0023781212841854932,2,0.0,0.0009656086153083006,0.0,1,langchain,Peripheral
gopinadhpadi0532,0.0023781212841854932,2,0.0,0.0009656086153083006,0.0,1,langchain,Peripheral
coffeecoding,0.0047562425683709865,4,0.0005386275155727745,0.0009618666310725668,0.0,0,ollama,Peripheral
fralund,0.0047562425683709865,4,0.0005386275155727745,0.0009618666310725668,0.0,0,ollama,Peripheral
SquisherDerHeld,0.0047562425683709865,4,0.0005386275155727745,0.0009618666310725668,0.0,0,ollama,Peripheral
ading2210,0.0023781212841854932,2,0.0,0.0009603860499779885,0.0,19,ollama,Peripheral
ankh2054,0.0023781212841854932,2,0.0,0.0009603860499779885,0.0,19,ollama,Peripheral
rawathemant246,0.0023781212841854932,2,0.002378121284185494,0.0009423830760200372,0.0,1,langchain,Bridge
js-2024,0.0047562425683709865,4,0.0026539172942264405,0.0009412728366238444,0.0,0,ollama,Bridge
jasonkneen,0.0047562425683709865,4,0.030024158692410714,0.0009285247970925326,0.0,5,deepseek,Bridge
sageakshay22,0.00356718192627824,3,0.0,0.0009170988099283198,0.0,0,ollama,Peripheral
dbc2201,0.00356718192627824,3,0.0,0.0009170988099283198,0.0,0,ollama,Peripheral
regs01,0.0047562425683709865,4,0.002503233771118474,0.0009164716411714587,0.0,2,ollama,Bridge
passtock,0.0047562425683709865,4,0.002503233771118474,0.0009164716411714587,0.0,2,ollama,Bridge
MaroB05,0.00356718192627824,3,0.0,0.0009023994763992008,0.0,15,ollama,Peripheral
vt-alt,0.00356718192627824,3,0.004255063450010874,0.0008980981462564253,0.0,2,ollama,Bridge
OriginalGoku,0.00356718192627824,3,0.0,0.0008974794043130258,0.0,0,ollama,Peripheral
codelion,0.00356718192627824,3,0.0,0.0008974794043130258,0.0,0,ollama,Peripheral
ClaudiuCreanga,0.00356718192627824,3,0.0,0.0008974794043130258,0.0,0,ollama,Peripheral
chllei,0.0047562425683709865,4,0.0,0.000897045766192974,0.0,2,ollama,Peripheral
iSevenDays,0.0047562425683709865,4,0.0,0.000897045766192974,0.0,2,ollama,Peripheral
github-pmj,0.0047562425683709865,4,0.0,0.000897045766192974,0.0,2,ollama,Peripheral
lilyrosecarnation,0.0047562425683709865,4,0.0,0.000897045766192974,0.0,2,ollama,Peripheral
peperunas,0.00356718192627824,3,0.0,0.0008851927860843863,0.0,0,ollama,Peripheral
mdovgialo,0.00356718192627824,3,0.0,0.0008851927860843863,0.0,0,ollama,Peripheral
fabiounixpi,0.00356718192627824,3,0.0,0.0008851927860843863,0.0,0,ollama,Peripheral
scd31,0.00356718192627824,3,0.0,0.0008851927860843863,0.0,0,ollama,Peripheral
usernaamee,0.00356718192627824,3,0.0,0.0008851927860843863,0.0,0,ollama,Peripheral
edwardsp,0.00356718192627824,3,0.0,0.0008851927860843863,0.0,0,ollama,Peripheral
TriLoo,0.00356718192627824,3,0.0,0.0008851927860843863,0.0,0,ollama,Peripheral
jwatte,0.00356718192627824,3,0.0,0.0008851927860843863,0.0,0,ollama,Peripheral
pbella,0.00356718192627824,3,0.0,0.0008851927860843863,0.0,0,ollama,Peripheral
dayphosphor,0.00356718192627824,3,0.0,0.0008851927860843863,0.0,0,ollama,Peripheral
yxc0915,0.00356718192627824,3,0.0,0.0008851927860843863,0.0,0,ollama,Peripheral
Alexandero89,0.00356718192627824,3,0.0,0.0008851927860843863,0.0,0,ollama,Peripheral
UberMetroid,0.00356718192627824,3,0.0,0.0008851927860843863,0.0,0,ollama,Peripheral
nyllewin,0.00356718192627824,3,0.0,0.0008851927860843863,0.0,0,ollama,Peripheral
troed,0.00356718192627824,3,0.0,0.0008851927860843863,0.0,0,ollama,Peripheral
MSR2201,0.00356718192627824,3,0.0,0.0008851927860843863,0.0,0,ollama,Peripheral
JB-Bryant,0.00356718192627824,3,0.0,0.0008851927860843863,0.0,0,ollama,Peripheral
Willian7004,0.00356718192627824,3,0.0,0.0008851927860843863,0.0,0,ollama,Peripheral
DrGunnarMallon,0.00356718192627824,3,0.0,0.0008851927860843863,0.0,0,ollama,Peripheral
Snehallaldas,0.00356718192627824,3,0.0,0.0008851927860843863,0.0,0,ollama,Peripheral
bruno686,0.00356718192627824,3,0.0,0.0008851927860843863,0.0,0,ollama,Peripheral
msetbar,0.0023781212841854932,2,0.0,0.0008812421810776442,0.0,1,langchain,Peripheral
Meshwa428,0.00356718192627824,3,0.002193834878308491,0.0008663581482881806,0.0,0,ollama,Bridge
kaizau,0.00356718192627824,3,0.0,0.0008610322716926836,0.0,14,mixed,Peripheral
drmbt,0.00356718192627824,3,0.0,0.0008610322716926836,0.0,14,mixed,Peripheral
linh1987,0.0023781212841854932,2,0.0,0.0008607167936081767,0.0,20,ollama,Peripheral
tie-pilot-qxw,0.0023781212841854932,2,0.0,0.0008607167936081767,0.0,20,ollama,Peripheral
kientv,0.0023781212841854932,2,0.013342204103202906,0.0008579793584941858,0.0,1,langchain,Bridge
SvenMeyer,0.0023781212841854932,3,0.0,0.0008544775095509925,0.0,0,ollama,Peripheral
jiake55,0.0023781212841854932,3,0.0,0.0008544775095509925,0.0,0,ollama,Peripheral
ajunyo,0.0023781212841854932,3,0.0,0.0008544775095509925,0.0,0,ollama,Peripheral
jonmach,0.0023781212841854932,3,0.0,0.0008544775095509925,0.0,0,ollama,Peripheral
bdytx5,0.00356718192627824,3,0.002693882943585605,0.0008473146083645662,0.0,5,deepseek,Bridge
PotatoSpudowski,0.0023781212841854932,2,0.0,0.0008399460166011235,0.0,1,langchain,Peripheral
ziqizhang,0.0023781212841854932,2,0.0,0.0008399460166011235,0.0,1,langchain,Peripheral
enryteam,0.0023781212841854932,2,0.004750580374837213,0.000839754422120775,0.0,0,ollama,Bridge
SiewwenL,0.0047562425683709865,4,0.0,0.0008338618626484832,0.0,6,ollama,Peripheral
iqbalsyamsu,0.0047562425683709865,4,0.0,0.0008338618626484832,0.0,6,ollama,Peripheral
Tritonio,0.0047562425683709865,4,0.0,0.0008338618626484832,0.0,6,ollama,Peripheral
yoonsio,0.0023781212841854932,4,0.0,0.0008337802300679186,0.0,0,ollama,Peripheral
lipere123,0.0023781212841854932,2,0.0,0.0008303216834981977,0.0,9,ollama,Peripheral
Chapoly1305,0.0023781212841854932,2,0.0,0.0008303216834981977,0.0,9,ollama,Peripheral
x0wllaar,0.00356718192627824,3,0.0039086783778477414,0.0008287039258508058,0.0,0,ollama,Bridge
kwaa,0.00356718192627824,3,0.0039086783778477414,0.0008287039258508058,0.0,0,ollama,Bridge
gagb,0.00356718192627824,3,0.0039086783778477414,0.0008287039258508058,0.0,0,ollama,Bridge
afourney,0.00356718192627824,3,0.0039086783778477414,0.0008287039258508058,0.0,0,ollama,Bridge
liuliwei91,0.00356718192627824,3,0.0,0.0008222861741044114,0.0,6,ollama,Peripheral
viba1,0.00356718192627824,3,0.0,0.0008222861741044114,0.0,6,ollama,Peripheral
outis151,0.00356718192627824,3,0.0008222180172447012,0.0008193585748773658,0.0,0,ollama,Peripheral
guiguid,0.00356718192627824,3,0.0008222180172447012,0.0008193585748773658,0.0,0,ollama,Peripheral
yuanbaobaoo,0.0023781212841854932,2,0.0,0.0008141995708874092,0.0,0,ollama,Peripheral
Proteusiq,0.0023781212841854932,2,0.0,0.0008141995708874092,0.0,0,ollama,Peripheral
kirys,0.00356718192627824,3,0.001568427608855676,0.0008084887516003505,0.0,0,ollama,Peripheral
AndrewKvalheim,0.00356718192627824,3,0.001568427608855676,0.0008084887516003505,0.0,0,ollama,Peripheral
choperlizer,0.0047562425683709865,4,0.0,0.0008069135007375417,0.0,3,deepseek,Peripheral
BratanBlyat,0.0047562425683709865,4,0.0,0.0008069135007375417,0.0,3,deepseek,Peripheral
moglanrewaju,0.0047562425683709865,4,0.0,0.0008069135007375417,0.0,3,deepseek,Peripheral
mohit-217,0.0023781212841854932,2,0.001189060642092747,0.0008028664006731316,0.0,1,langchain,Peripheral
baotianxia,0.00356718192627824,3,0.0023531132627446546,0.0007943080982973309,0.0,0,ollama,Bridge
TheSongg,0.0011890606420927466,2,0.0,0.0007876451572605139,0.007845705674306152,1,langchain,Peripheral
MehdiZare,0.0011890606420927466,2,0.0,0.0007876451572605139,0.007845705674306152,1,langchain,Peripheral
AbhiramNS1,0.00356718192627824,3,0.020361342317347063,0.0007872545387367954,0.0,4,deepseek,Bridge
mrDzurb,0.0023781212841854932,2,0.0,0.0007836114248733722,0.0,1,langchain,Peripheral
dylanbouchard,0.0023781212841854932,2,0.0,0.0007836114248733722,0.0,1,langchain,Peripheral
lu-ohai,0.0023781212841854932,2,0.0,0.0007836114248733722,0.0,1,langchain,Peripheral
virenbajaj,0.0023781212841854932,2,0.0,0.0007836114248733722,0.0,1,langchain,Peripheral
MagMueller,0.00356718192627824,3,0.14207283468282267,0.0007746256151641995,0.0,5,deepseek,Bridge
Ramachandra-2k96,0.00356718192627824,3,1.6851766469568401e-06,0.0007691887789796432,0.0,9,ollama,Peripheral
Snify89,0.00356718192627824,3,1.6851766469568401e-06,0.0007691887789796432,0.0,9,ollama,Peripheral
mcmah309,0.0023781212841854932,2,0.0,0.0007672664191691262,0.0,15,ollama,Peripheral
ericmjl,0.0023781212841854932,2,0.0,0.0007672664191691262,0.0,15,ollama,Peripheral
g4challenge,0.00356718192627824,3,1.6851766469568401e-06,0.0007667371325390056,0.0,9,ollama,Peripheral
wjn1996,0.0047562425683709865,4,0.0,0.0007600628246040644,0.0,5,deepseek,Peripheral
PSilvestre,0.0047562425683709865,4,0.0,0.0007600628246040644,0.0,5,deepseek,Peripheral
hxypqr,0.0047562425683709865,4,0.0,0.0007600628246040644,0.0,5,deepseek,Peripheral
indigotechtutorials,0.00356718192627824,3,0.0037477333928028368,0.0007600301105890356,0.0,2,ollama,Bridge
wyzanski,0.0047562425683709865,4,0.0,0.0007595061987311239,0.0,6,ollama,Peripheral
leo-pony,0.0047562425683709865,4,0.0,0.0007595061987311239,0.0,6,ollama,Peripheral
hipudding,0.0047562425683709865,4,0.0,0.0007595061987311239,0.0,6,ollama,Peripheral
hotwa,0.0047562425683709865,4,0.0,0.0007595061987311239,0.0,6,ollama,Peripheral
xihuai18,0.0023781212841854932,2,0.0071173772719551566,0.0007569342896364439,0.0,19,ollama,Bridge
WSQsGithub,0.0023781212841854932,2,0.02158782062170878,0.0007553599879878512,0.007845705674306152,1,langchain,Bridge
abhishekpatil4,0.0023781212841854932,2,0.02158782062170878,0.0007553599879878512,0.0,1,langchain,Bridge
Tilak321-droid,0.0023781212841854932,2,0.0,0.000754536743305663,0.0,0,ollama,Peripheral
abhay-0912,0.0023781212841854932,2,0.0,0.000754536743305663,0.0,0,ollama,Peripheral
marekk1717,0.0023781212841854932,2,0.0,0.0007519415040820653,0.0,14,mixed,Peripheral
soerenkampschroer,0.0023781212841854932,2,0.0,0.0007519415040820653,0.0,14,mixed,Peripheral
callcter,0.00356718192627824,3,0.0,0.0007503510711337055,0.0,2,ollama,Peripheral
kunchenguid,0.00356718192627824,3,0.0,0.0007503510711337055,0.0,2,ollama,Peripheral
anxkhn,0.00356718192627824,3,0.0,0.0007503510711337055,0.0,2,ollama,Peripheral
neteroster,0.0023781212841854932,2,0.0,0.0007490657922982361,0.0,18,deepseek,Peripheral
yangxin60-tal,0.0023781212841854932,2,0.0,0.0007490657922982361,0.0,18,deepseek,Peripheral
hogo-mini,0.0047562425683709865,4,0.030473925598776975,0.000747757635617861,0.0,4,deepseek,Bridge
vipinsinghbagri,0.00356718192627824,3,0.0,0.0007475720628312237,0.0,3,deepseek,Peripheral
Jason-M-Ma,0.00356718192627824,3,0.0,0.0007475720628312237,0.0,3,deepseek,Peripheral
shuaige9773,0.00356718192627824,3,0.0,0.0007475720628312237,0.0,3,deepseek,Peripheral
Jofthomas,0.0023781212841854932,2,0.001189060642092747,0.0007451717419310821,0.0,1,langchain,Peripheral
viktorashi,0.00713436385255648,6,0.00026286519003523097,0.0007412126111540202,0.0,4,deepseek,Peripheral
ruze00,0.00356718192627824,3,0.0018769421658252977,0.0007400478711665859,0.0,2,ollama,Bridge
SongPing,0.00356718192627824,3,0.0018769421658252977,0.0007400478711665859,0.0,2,ollama,Bridge
lpestov,0.00713436385255648,6,0.00010200721492551067,0.0007391744995409984,0.0,4,deepseek,Peripheral
Cuthead,0.00713436385255648,6,0.00010200721492551067,0.0007391744995409984,0.0,4,deepseek,Peripheral
eduardo-moro,0.00713436385255648,6,0.00010200721492551067,0.0007391744995409984,0.0,4,deepseek,Peripheral
baibizhe,0.00713436385255648,6,5.977975211031096e-05,0.0007344520724891761,0.0,4,deepseek,Peripheral
hdsnzsr,0.00356718192627824,3,0.010937208655447415,0.000728799099901649,0.0,6,ollama,Bridge
rjmalagon,0.00356718192627824,3,0.010937208655447415,0.000728799099901649,0.0,6,ollama,Bridge
zinongli,0.005945303210463733,5,5.347627226343042e-06,0.0007260563024906969,0.0,4,deepseek,Peripheral
BlueSkyXN,0.005945303210463733,5,5.347627226343042e-06,0.0007260563024906969,0.0,4,deepseek,Peripheral
ryanmeowy,0.005945303210463733,5,5.347627226343042e-06,0.0007260563024906969,0.0,4,deepseek,Peripheral
sycured,0.005945303210463733,5,5.347627226343042e-06,0.0007260563024906969,0.0,4,deepseek,Peripheral
kth8,0.00356718192627824,3,0.0,0.0007245109088118071,0.0,10,ollama,Peripheral
sammcj,0.00356718192627824,3,0.0,0.0007245109088118071,0.0,10,ollama,Peripheral
RixPrajapati,0.0047562425683709865,4,3.704018270011138e-06,0.0007214369970840807,0.0,3,deepseek,Peripheral
Siddhant231xyz,0.0023781212841854932,2,0.00010946907498631637,0.000700681409523824,0.0,1,langchain,Peripheral
ehartford,0.0023781212841854932,2,0.0,0.000700323677607161,0.0,9,ollama,Peripheral
AlexKlimaj,0.0023781212841854932,2,0.0,0.0006982931694072276,0.0,9,ollama,Peripheral
zakk616,0.0023781212841854932,2,0.0,0.0006982931694072276,0.0,9,ollama,Peripheral
danielithomas,0.0023781212841854932,2,0.0,0.0006931632516305063,0.0,0,ollama,Peripheral
systemofapwne,0.0023781212841854932,2,0.0,0.0006931632516305063,0.0,0,ollama,Peripheral
Cyanic,0.0023781212841854932,2,0.0,0.0006931296736447429,0.0,0,ollama,Peripheral
dlasky,0.0023781212841854932,2,0.0,0.0006931296736447429,0.0,0,ollama,Peripheral
msmaromi,0.0023781212841854932,2,0.0,0.0006895244829363063,0.0,14,mixed,Peripheral
KEKweb,0.0023781212841854932,2,0.0,0.0006895244829363063,0.0,14,mixed,Peripheral
adriaanjoubert,0.0023781212841854932,2,0.0,0.0006895244829363063,0.0,14,mixed,Peripheral
p-siatos,0.0023781212841854932,2,0.0,0.0006895244829363063,0.0,14,mixed,Peripheral
tommykmusic,0.00356718192627824,3,0.0,0.0006761446678492735,0.0,5,deepseek,Peripheral
BenRacicot,0.00356718192627824,3,0.0,0.0006761446678492735,0.0,5,deepseek,Peripheral
suncloudsmoon,0.0023781212841854932,2,0.0,0.0006760526972215146,0.0,0,ollama,Peripheral
codefromthecrypt,0.0023781212841854932,2,0.0,0.0006760526972215146,0.0,0,ollama,Peripheral
efijoon,0.00356718192627824,3,0.0,0.000674179836464017,0.0,3,deepseek,Peripheral
Kakad3v,0.00356718192627824,3,0.0,0.000674179836464017,0.0,3,deepseek,Peripheral
scottdeift,0.00356718192627824,3,0.0,0.000674179836464017,0.0,3,deepseek,Peripheral
guytechw,0.0023781212841854932,2,0.0,0.0006730536076399061,0.0,0,ollama,Peripheral
wydgetlabsadmin,0.00356718192627824,3,0.0,0.0006716955288823003,0.0,5,deepseek,Peripheral
murshudov,0.00356718192627824,3,0.0,0.0006716955288823003,0.0,5,deepseek,Peripheral
MaximPerry,0.0023781212841854932,2,0.0,0.0006696815215178344,0.0,0,ollama,Peripheral
TungstenWolframite,0.0023781212841854932,2,0.0,0.0006668669555963903,0.0,0,ollama,Peripheral
igorschlum,0.0023781212841854932,2,0.0,0.0006668669555963903,0.0,0,ollama,Peripheral
abhishek-syno,0.0023781212841854932,2,0.0,0.0006668669555963903,0.0,0,ollama,Peripheral
AutistiCoder,0.0023781212841854932,2,0.0,0.0006668669555963903,0.0,0,ollama,Peripheral
kreier,0.0023781212841854932,2,0.0,0.0006668669555963903,0.0,0,ollama,Peripheral
blueApple12,0.0023781212841854932,2,0.0,0.0006668669555963903,0.0,0,ollama,Peripheral
SunwonHong96,0.0023781212841854932,2,0.0,0.0006668669555963903,0.0,0,ollama,Peripheral
Jetbuzz,0.0023781212841854932,2,0.0,0.0006668669555963903,0.0,0,ollama,Peripheral
balajeek,0.0023781212841854932,2,0.0,0.0006668669555963903,0.0,0,ollama,Peripheral
ProjectMoon,0.0023781212841854932,2,0.0,0.0006668669555963903,0.0,0,ollama,Peripheral
NLP-man,0.0023781212841854932,2,0.0,0.0006668669555963903,0.0,0,ollama,Peripheral
adarshmadrecha,0.0023781212841854932,2,0.0,0.0006668669555963903,0.0,0,ollama,Peripheral
kanishkaditya,0.0023781212841854932,2,0.0,0.0006668669555963903,0.0,0,ollama,Peripheral
RustoMCSpit,0.0023781212841854932,2,0.0,0.0006668669555963903,0.0,0,ollama,Peripheral
hey-august,0.0023781212841854932,2,0.0,0.0006668669555963903,0.0,0,ollama,Peripheral
Siddhesh-Agarwal,0.0023781212841854932,2,0.0,0.0006668669555963903,0.0,0,ollama,Peripheral
github12101,0.0023781212841854932,2,0.0,0.0006668669555963903,0.0,0,ollama,Peripheral
Notbici,0.0023781212841854932,2,0.0,0.0006668669555963903,0.0,0,ollama,Peripheral
bhnan,0.0023781212841854932,2,0.0,0.0006668669555963903,0.0,0,ollama,Peripheral
leobenkel,0.0023781212841854932,2,0.0,0.0006668669555963903,0.0,0,ollama,Peripheral
rz1027,0.0023781212841854932,2,0.0,0.0006668669555963903,0.0,0,ollama,Peripheral
ppereirasky,0.0023781212841854932,2,0.0,0.0006668669555963903,0.0,0,ollama,Peripheral
Freemorger,0.0023781212841854932,2,0.0,0.0006668669555963903,0.0,0,ollama,Peripheral
MHugonKaliop,0.0023781212841854932,2,0.0,0.0006668669555963903,0.0,0,ollama,Peripheral
ajm896,0.0023781212841854932,2,0.0,0.0006668669555963903,0.0,0,ollama,Peripheral
abdarwish23,0.0023781212841854932,2,0.0,0.0006668669555963903,0.0,0,ollama,Peripheral
Justin-12138,0.0023781212841854932,2,0.0,0.0006668669555963903,0.0,0,ollama,Peripheral
YonTracks,0.0023781212841854932,2,0.0,0.0006668669555963903,0.0,0,ollama,Peripheral
robbyjo,0.0023781212841854932,2,0.0,0.0006668669555963903,0.0,0,ollama,Peripheral
jobnomade,0.0023781212841854932,2,0.0,0.0006668669555963903,0.0,0,ollama,Peripheral
Thot-Htp,0.0023781212841854932,2,0.0,0.0006668669555963903,0.0,0,ollama,Peripheral
YuiiCh,0.0023781212841854932,2,0.0,0.0006668669555963903,0.0,0,ollama,Peripheral
Gaurav4604,0.0023781212841854932,2,0.0,0.0006668669555963903,0.0,0,ollama,Peripheral
daniel-adriano,0.0023781212841854932,2,0.0,0.0006668669555963903,0.0,0,ollama,Peripheral
mrRedSun,0.005945303210463733,5,8.12760696827264e-05,0.0006578133856605375,0.0,4,deepseek,Peripheral
Danyalo,0.005945303210463733,5,8.12760696827264e-05,0.0006578133856605375,0.0,4,deepseek,Peripheral
yehx6,0.005945303210463733,5,8.12760696827264e-05,0.0006578133856605375,0.0,4,deepseek,Peripheral
baraich,0.00356718192627824,3,0.0004358462877755894,0.0006542166548746562,0.0,11,ollama,Peripheral
BeMgCaSrBa,0.00356718192627824,3,0.0,0.0006454645480896241,0.0,3,deepseek,Peripheral
zekosan,0.00356718192627824,3,0.0,0.0006454645480896241,0.0,3,deepseek,Peripheral
ayyadaslam007,0.0023781212841854932,2,0.0035586886359775787,0.0006388475101418711,0.0,0,ollama,Bridge
Wooonster,0.005945303210463733,5,3.726269210286833e-05,0.000637563949981924,0.0,2,ollama,Peripheral
benjamin-ebert,0.0011890606420927466,1,0.0,0.0006345721223391303,0.0,0,ollama,Peripheral
bitfl0wer,0.0023781212841854932,2,0.0,0.0006339197216841134,0.0,0,ollama,Peripheral
resdl777,0.00356718192627824,3,0.0,0.0006290118475654225,0.0,5,deepseek,Peripheral
Amal97,0.00356718192627824,3,0.0,0.0006290118475654225,0.0,5,deepseek,Peripheral
vvincent1234,0.00356718192627824,3,0.0,0.0006290118475654225,0.0,5,deepseek,Peripheral
samrudha01codespace,0.0023781212841854932,2,0.0,0.0006289273168560996,0.0,0,ollama,Peripheral
amrrs,0.0023781212841854932,2,0.001189060642092747,0.0006255722442023424,0.0,0,ollama,Peripheral
NGC13009,0.0023781212841854932,2,0.001189060642092747,0.0006255722442023424,0.0,0,ollama,Peripheral
t0d4,0.0023781212841854932,2,0.001189060642092747,0.0006255722442023424,0.0,0,ollama,Peripheral
ypiguet-epfl,0.0023781212841854932,2,0.001189060642092747,0.0006255722442023424,0.0,0,ollama,Peripheral
isamu,0.0023781212841854932,2,0.0,0.0006198123737387256,0.0,15,ollama,Peripheral
Hunter-P,0.0023781212841854932,2,0.0,0.0006168304689036113,0.0,5,deepseek,Peripheral
conql,0.00356718192627824,3,0.0,0.000611348153577851,0.0,4,deepseek,Peripheral
mygoobox,0.00356718192627824,3,0.0,0.000611348153577851,0.0,4,deepseek,Peripheral
Williamaurthur,0.0023781212841854932,2,0.0,0.0006108845238295955,0.0,8,deepseek,Peripheral
Dokterpostds,0.0011890606420927466,1,0.0,0.0006088839225374904,0.0,1,langchain,Peripheral
Francesco9932,0.0011890606420927466,1,0.0,0.0006088839225374904,0.0,1,langchain,Peripheral
nigamankit7,0.0023781212841854932,2,0.002378121284185494,0.0006069736651584409,0.0,0,ollama,Bridge
RGFTheCoder,0.0023781212841854932,2,0.0011876450937093033,0.0006059927039957035,0.0,0,ollama,Peripheral
818000,0.0023781212841854932,2,0.0011876450937093033,0.0006059927039957035,0.0,0,ollama,Peripheral
MythicArrow,0.00356718192627824,3,0.0,0.0006006908112297774,0.0,4,deepseek,Peripheral
supercheetah,0.00356718192627824,3,0.0,0.0006006908112297774,0.0,4,deepseek,Peripheral
1280px,0.00356718192627824,3,0.0,0.0006006908112297774,0.0,4,deepseek,Peripheral
akamaus,0.0023781212841854932,2,0.0007846856538889882,0.000598338474528209,0.0,0,ollama,Peripheral
Fastidius-au,0.0023781212841854932,2,0.0039086783778477414,0.0005937791006308241,0.0,0,ollama,Bridge
lescieur,0.0023781212841854932,2,0.0,0.0005886447946543165,0.0,0,ollama,Peripheral
20246688,0.0011890606420927466,2,0.0,0.0005885118679718408,0.0,0,ollama,Peripheral
ghostplant,0.0011890606420927466,2,0.0,0.0005885118679718408,0.0,0,ollama,Peripheral
blacklightpy,0.0023781212841854932,2,0.0008222180172447012,0.0005870898009237577,0.0,0,ollama,Peripheral
gslin1224,0.0011890606420927466,1,0.0,0.0005845847931668574,0.0,15,ollama,Peripheral
dpereira,0.0011890606420927466,1,0.0,0.0005845847931668574,0.0,15,ollama,Peripheral
zhaohuizh,0.0011890606420927466,1,0.0,0.0005787288222131508,0.0,1,langchain,Peripheral
ranbir7,0.0023781212841854932,2,0.0,0.0005631656613440332,0.0,3,deepseek,Peripheral
Kevinrivas96,0.0023781212841854932,2,0.0,0.0005631656613440332,0.0,3,deepseek,Peripheral
C0nanT,0.0023781212841854932,2,0.0,0.0005631656613440332,0.0,3,deepseek,Peripheral
Takerman,0.0023781212841854932,2,0.0,0.0005631656613440332,0.0,3,deepseek,Peripheral
hang245141253,0.0023781212841854932,2,0.0,0.0005631656613440332,0.0,3,deepseek,Peripheral
LexiR90,0.0023781212841854932,2,0.0,0.0005631656613440332,0.0,3,deepseek,Peripheral
GeeeekExplorer,0.0023781212841854932,2,0.01418379480210633,0.0005602151519183726,0.0,8,deepseek,Bridge
marcos-mendez,0.0047562425683709865,4,1.5036065231410918e-05,0.0005586294225671622,0.0,4,deepseek,Peripheral
arslaan5,0.0011890606420927466,1,0.0,0.0005532304140682042,0.0,1,langchain,Peripheral
lxbworld,0.0011890606420927466,1,0.0,0.0005532304140682042,0.0,1,langchain,Peripheral
mikolajsawicki,0.0011890606420927466,1,0.0,0.0005532304140682042,0.0,1,langchain,Peripheral
bhnorman11,0.0011890606420927466,1,0.0,0.0005532304140682042,0.0,1,langchain,Peripheral
Finndersen,0.0011890606420927466,1,0.0,0.0005532304140682042,0.0,1,langchain,Peripheral
mrtushartiwari,0.0011890606420927466,1,0.0,0.0005532304140682042,0.0,1,langchain,Peripheral
rakesh-srivastava-negd,0.0011890606420927466,1,0.0,0.0005532304140682042,0.0,1,langchain,Peripheral
jasonzbao,0.0011890606420927466,1,0.0,0.0005532304140682042,0.0,1,langchain,Peripheral
dakshsinghal2003,0.0011890606420927466,1,0.0,0.0005532304140682042,0.0,1,langchain,Peripheral
n-sviridenko,0.0011890606420927466,1,0.0,0.0005532304140682042,0.0,1,langchain,Peripheral
srkirkland,0.0011890606420927466,1,0.0,0.0005532304140682042,0.0,1,langchain,Peripheral
Sheepsta300,0.0011890606420927466,1,0.0,0.0005532304140682042,0.0,1,langchain,Peripheral
arno756,0.0011890606420927466,1,0.0,0.0005532304140682042,0.0,1,langchain,Peripheral
GhimBoon,0.0011890606420927466,1,0.0,0.0005532304140682042,0.0,1,langchain,Peripheral
ENCODERS09,0.0011890606420927466,1,0.0,0.0005532304140682042,0.0,1,langchain,Peripheral
Guedxx,0.0023781212841854932,2,0.0005386275155727745,0.0005528829948205955,0.0,0,ollama,Peripheral
lavisharma-25,0.0023781212841854932,2,0.0005386275155727745,0.0005528829948205955,0.0,0,ollama,Peripheral
gileneusz,0.0023781212841854932,2,0.00033053054753411353,0.0005528038722374575,0.0,0,ollama,Peripheral
MathiasSchindler,0.00356718192627824,3,0.0,0.0005526115625260992,0.0,7,ollama,Peripheral
jangrewe,0.00356718192627824,3,0.0,0.0005526115625260992,0.0,7,ollama,Peripheral
xlggit,0.00356718192627824,3,0.0,0.0005526115625260992,0.0,7,ollama,Peripheral
walmartbaggg,0.0023781212841854932,2,0.0,0.0005514000406141694,0.0,6,ollama,Peripheral
gunamata,0.0023781212841854932,2,0.0,0.0005514000406141694,0.0,6,ollama,Peripheral
philippgille,0.0023781212841854932,2,0.0,0.0005514000406141694,0.0,6,ollama,Peripheral
bbSnavy,0.0023781212841854932,2,0.0,0.0005514000406141694,0.0,6,ollama,Peripheral
SapanaJadhav,0.0023781212841854932,2,0.0,0.0005513051277777606,0.0,3,deepseek,Peripheral
MuzzammilRafiq,0.0023781212841854932,2,0.0,0.0005513051277777606,0.0,3,deepseek,Peripheral
ShivamSrng,0.0023781212841854932,2,0.0,0.0005405419221097883,0.0,2,ollama,Peripheral
terling,0.0023781212841854932,2,0.0018769421658252977,0.0005303022499583652,0.0,2,ollama,Bridge
jjparady,0.0023781212841854932,2,0.0018769421658252977,0.0005303022499583652,0.0,2,ollama,Bridge
1zilc,0.0023781212841854932,2,0.0018769421658252977,0.0005303022499583652,0.0,2,ollama,Bridge
yiteei,0.0023781212841854932,2,0.0018769421658252977,0.0005303022499583652,0.0,2,ollama,Bridge
gl2007,0.0023781212841854932,2,0.0018769421658252977,0.0005303022499583652,0.0,2,ollama,Bridge
joseph777111,0.0023781212841854932,2,0.0018769421658252977,0.0005303022499583652,0.0,2,ollama,Bridge
chinmayc0707,0.0023781212841854932,2,0.00025530942471791845,0.000525861836516084,0.0,11,ollama,Peripheral
regularRandom,0.0023781212841854932,2,0.0,0.0005229499854500757,0.0,6,ollama,Peripheral
tchaton,0.0023781212841854932,2,0.010937208655447415,0.0005222524077672687,0.0,6,ollama,Bridge
ArhamHS,0.0023781212841854932,2,0.0,0.0005221739990207846,0.0,13,deepseek,Peripheral
Aryan-Thapa,0.0023781212841854932,2,0.0,0.0005221739990207846,0.0,13,deepseek,Peripheral
Sheddy211,0.0011890606420927466,1,0.0,0.0005214206754206491,0.0,2,ollama,Peripheral
mohitpaddhariya,0.0011890606420927466,1,0.0,0.0005214206754206491,0.0,2,ollama,Peripheral
trivalik,0.0023781212841854932,2,0.0003919672480681917,0.0004946733768071197,0.007845705674306152,2,ollama,Peripheral
wijjj,0.0023781212841854932,2,0.0,0.0004881610195040202,0.0,6,ollama,Peripheral
Thf772,0.0023781212841854932,2,0.0,0.0004881610195040202,0.0,6,ollama,Peripheral
Vyerni,0.0011890606420927466,1,0.0,0.00048798095184886145,0.0,0,ollama,Peripheral
easp,0.0011890606420927466,1,0.0,0.00048798095184886145,0.0,0,ollama,Peripheral
rahulbhoyar1995,0.0011890606420927466,1,0.0,0.0004828962128345325,0.0,1,langchain,Peripheral
unkindypie,0.0011890606420927466,1,0.0,0.0004828962128345325,0.0,1,langchain,Peripheral
Pranya-Chandratre,0.0011890606420927466,1,0.0,0.0004828962128345325,0.0,1,langchain,Peripheral
jhpiedrahitao,0.0011890606420927466,1,0.0,0.0004828962128345325,0.007845705674306152,1,langchain,Peripheral
SidGurajala,0.0011890606420927466,1,0.0,0.0004828962128345325,0.0,1,langchain,Peripheral
sohanpsai,0.0011890606420927466,1,0.0,0.0004828962128345325,0.007845705674306152,1,langchain,Peripheral
ZhangShenao,0.0011890606420927466,1,0.0,0.0004828962128345325,0.007845705674306152,1,langchain,Peripheral
amaan-ai20,0.0011890606420927466,1,0.0,0.0004828962128345325,0.007845705674306152,1,langchain,Peripheral
simpliatanu,0.0011890606420927466,1,0.0,0.0004828962128345325,0.0,1,langchain,Peripheral
openvino-dev-samples,0.0011890606420927466,1,0.0,0.0004828962128345325,0.0,1,langchain,Peripheral
keenanpepper,0.0011890606420927466,1,0.0,0.0004828962128345325,0.0,1,langchain,Peripheral
pm390,0.0011890606420927466,1,0.0,0.0004828962128345325,0.0,1,langchain,Peripheral
stefan-berkner-tilotech,0.0011890606420927466,1,0.0,0.0004828962128345325,0.007845705674306152,1,langchain,Peripheral
baskaryan,0.0011890606420927466,1,0.0,0.0004828962128345325,0.0,1,langchain,Peripheral
ianchi,0.0011890606420927466,1,0.0,0.0004828962128345325,0.007845705674306152,1,langchain,Peripheral
Magnuti,0.0011890606420927466,1,0.0,0.0004828962128345325,0.0,1,langchain,Peripheral
MacsDickinson,0.0011890606420927466,1,0.0,0.0004828962128345325,0.0,1,langchain,Peripheral
b2nil,0.0011890606420927466,1,0.0,0.00048012890095727343,0.0,18,deepseek,Peripheral
Azukee,0.0023781212841854932,2,0.0,0.00047813942110701665,0.0,4,deepseek,Peripheral
xlorne,0.0023781212841854932,2,0.0,0.00047393407676043077,0.0,5,deepseek,Peripheral
niltor,0.0023781212841854932,2,0.0,0.00047393407676043077,0.0,5,deepseek,Peripheral
lanyur,0.0011890606420927466,1,0.0,0.0004685062448960544,0.0,0,ollama,Peripheral
mabdulre9,0.0011890606420927466,1,0.0,0.00045459774244141173,0.0,0,ollama,Peripheral
OnlyRen,0.0011890606420927466,1,0.0,0.0004519259245340715,0.0,0,ollama,Peripheral
rajban94,0.0011890606420927466,1,0.0,0.00045061104356186984,0.0,1,langchain,Peripheral
gauravyad86,0.0011890606420927466,1,0.0,0.00045061104356186984,0.0,1,langchain,Peripheral
shatejas,0.0011890606420927466,1,0.0,0.00045061104356186984,0.0,1,langchain,Peripheral
Anash3,0.0011890606420927466,1,0.0,0.00045061104356186984,0.0,1,langchain,Peripheral
isahers1,0.0011890606420927466,1,0.0,0.00045061104356186984,0.054285138791065654,1,langchain,Peripheral
jacoblee93,0.0011890606420927466,1,0.0,0.00045061104356186984,0.054285138791065654,1,langchain,Peripheral
KeerthiNingegowda,0.0011890606420927466,1,0.0,0.0004479620573716657,0.0,0,ollama,Peripheral
VistritPandey,0.0011890606420927466,1,0.0,0.0004479620573716657,0.0,0,ollama,Peripheral
jammsen,0.0023781212841854932,2,0.0,0.0004352284844966433,0.0,4,deepseek,Peripheral
Ivanrs297,0.0023781212841854932,2,0.0,0.0004352284844966433,0.0,4,deepseek,Peripheral
amigacli,0.0011890606420927466,1,0.0,0.000432725813126813,0.0,2,ollama,Peripheral
cppfuns,0.0011890606420927466,1,0.0,0.0004303296947096611,0.0,18,deepseek,Peripheral
hellofaiz,0.0023781212841854932,2,7.07774191721873e-07,0.000428982227911876,0.0,3,deepseek,Peripheral
AhmedTammaa,0.0011890606420927466,1,0.0,0.0004282176343705053,0.007845705674306152,1,langchain,Peripheral
KarlCJ,0.0011890606420927466,1,0.0,0.0004282176343705053,0.0,1,langchain,Peripheral
benm5678,0.0011890606420927466,1,0.0,0.0004282176343705053,0.0,1,langchain,Peripheral
maxruby,0.0011890606420927466,1,0.0,0.00042447765789884926,0.0,0,ollama,Peripheral
belmont,0.0011890606420927466,1,0.0,0.00042447765789884926,0.0,0,ollama,Peripheral
Th3On3,0.0011890606420927466,1,0.0,0.00042447765789884926,0.1134887121035139,0,ollama,Peripheral
kdave,0.0011890606420927466,1,0.0,0.0004208308378057119,0.0,0,ollama,Peripheral
PadmajaVaishnavi,0.0011890606420927466,1,0.0,0.0004013592110413937,0.0,9,ollama,Peripheral
abenmrad,0.0011890606420927466,1,0.0,0.0004013592110413937,0.0,9,ollama,Peripheral
harsha-s,0.0011890606420927466,1,0.0,0.0004013592110413937,0.0,9,ollama,Peripheral
xarillian,0.0011890606420927466,1,0.0,0.0004013592110413937,0.0,9,ollama,Peripheral
spaidataiga,0.0011890606420927466,1,0.0,0.0003961736616606834,0.0,14,mixed,Peripheral
maxx-marchuk,0.0023781212841854932,2,0.0,0.00039117146128947314,0.0,7,ollama,Peripheral
gaojs,0.0023781212841854932,2,0.0,0.00039117146128947314,0.0,7,ollama,Peripheral
akarimabadi,0.0011890606420927466,1,0.0,0.00039012384283178606,0.0,5,deepseek,Peripheral
XFHurrican,0.0011890606420927466,1,0.0,0.00039012384283178606,0.0,5,deepseek,Peripheral
noperator,0.0011890606420927466,1,0.0,0.00038859680084917924,0.0,0,ollama,Peripheral
sixlive,0.0011890606420927466,1,0.0,0.00038859680084917924,0.0,0,ollama,Peripheral
ChristianWeyer,0.0011890606420927466,1,0.0,0.00038859680084917924,0.0,0,ollama,Peripheral
Miaozxje,0.0011890606420927466,1,0.0,0.00038859680084917924,0.0,0,ollama,Peripheral
zachwalton,0.0011890606420927466,1,0.0,0.00038859680084917924,0.0,0,ollama,Peripheral
KaymeKaydex,0.0011890606420927466,1,0.0,0.00038859680084917924,0.0,0,ollama,Peripheral
helmation,0.0011890606420927466,1,0.0,0.0003869675827565551,0.0,5,deepseek,Peripheral
BananasMan,0.0011890606420927466,1,0.0,0.00038332956819019597,0.0,0,ollama,Peripheral
TsurHerman,0.0011890606420927466,1,0.0,0.00038332956819019597,0.0,0,ollama,Peripheral
ZanMax,0.0011890606420927466,1,0.0,0.00038332956819019597,0.0,0,ollama,Peripheral
pminervini,0.0011890606420927466,1,0.0,0.00038332956819019597,0.0,0,ollama,Peripheral
hyongaa,0.0011890606420927466,1,0.0,0.00038332956819019597,0.0,0,ollama,Peripheral
papandadj,0.0011890606420927466,1,0.0,0.00038332956819019597,0.0,0,ollama,Peripheral
watashiwastar-yun,0.0011890606420927466,1,0.0,0.00038332956819019597,0.0,0,ollama,Peripheral
rpaGuyai,0.0011890606420927466,1,0.0,0.00038332956819019597,0.0,0,ollama,Peripheral
fred-vaneijk,0.0011890606420927466,1,0.0,0.00038332956819019597,0.0,0,ollama,Peripheral
RKouchoo,0.0011890606420927466,1,0.0,0.00038332956819019597,0.0,0,ollama,Peripheral
NerdyShawn,0.0011890606420927466,1,0.0,0.00038332956819019597,0.0,0,ollama,Peripheral
vikramnagwal,0.0011890606420927466,1,0.0,0.00038332956819019597,0.0,0,ollama,Peripheral
ragranados,0.0011890606420927466,1,0.0,0.00038332956819019597,0.0,0,ollama,Peripheral
Straykinich,0.0011890606420927466,1,0.0,0.00038332956819019597,0.0,0,ollama,Peripheral
loca5790,0.0011890606420927466,1,0.0,0.00038332956819019597,0.0,0,ollama,Peripheral
latent-variable,0.0011890606420927466,1,0.0,0.00038332956819019597,0.0,0,ollama,Peripheral
Fractal-0,0.0011890606420927466,1,0.0,0.00038332956819019597,0.0,0,ollama,Peripheral
brianthompson-sarcat,0.0011890606420927466,1,0.0,0.00038332956819019597,0.0,0,ollama,Peripheral
felix021,0.0011890606420927466,1,0.0,0.00038332956819019597,0.0,0,ollama,Peripheral
gotyer,0.0011890606420927466,1,0.0,0.00038332956819019597,0.0,0,ollama,Peripheral
tripolskypetr,0.0011890606420927466,1,0.0,0.00038332956819019597,0.0,0,ollama,Peripheral
dimyself,0.0011890606420927466,1,0.0,0.00038332956819019597,0.0,0,ollama,Peripheral
allaboutstrategy,0.0011890606420927466,1,0.0,0.00038332956819019597,0.0,0,ollama,Peripheral
DenisBalan,0.0011890606420927466,1,0.0,0.00038332956819019597,0.0,0,ollama,Peripheral
Bandit253,0.0011890606420927466,1,0.0,0.00038332956819019597,0.0,0,ollama,Peripheral
oguzhanet,0.0011890606420927466,1,0.0,0.00038332956819019597,0.0,0,ollama,Peripheral
EvgeniGenchev,0.0011890606420927466,1,0.0,0.00038332956819019597,0.0,0,ollama,Peripheral
raphael10-collab,0.0011890606420927466,1,0.0,0.00038332956819019597,0.0,0,ollama,Peripheral
steveseguin,0.0011890606420927466,1,0.0,0.00038332956819019597,0.0,0,ollama,Peripheral
berezhinskiy,0.0011890606420927466,1,0.0,0.00038332956819019597,0.0,0,ollama,Peripheral
britus,0.0011890606420927466,1,0.0,0.00038332956819019597,0.0,0,ollama,Peripheral
ichiecodes1,0.0011890606420927466,1,0.0,0.00038332956819019597,0.0,0,ollama,Peripheral
hereshui3,0.0011890606420927466,1,0.0,0.00038332956819019597,0.0,0,ollama,Peripheral
kurdo2000,0.0011890606420927466,1,0.0,0.00038332956819019597,0.0,0,ollama,Peripheral
Sebjac06,0.0011890606420927466,1,0.0,0.00038332956819019597,0.0,0,ollama,Peripheral
ergosumdre,0.0011890606420927466,1,0.0,0.00038332956819019597,0.0,0,ollama,Peripheral
jonsen,0.0011890606420927466,1,0.0,0.00038332956819019597,0.0,0,ollama,Peripheral
tne-ops,0.0011890606420927466,1,0.0,0.00038332956819019597,0.0,0,ollama,Peripheral
IAM582,0.0011890606420927466,1,0.0,0.00038332956819019597,0.0,0,ollama,Peripheral
yuimbo,0.0011890606420927466,1,0.0,0.00038332956819019597,0.0,0,ollama,Peripheral
tanmaysharma2001,0.0011890606420927466,1,0.0,0.00038332956819019597,0.0,0,ollama,Peripheral
stutteringp0et,0.0011890606420927466,1,0.0,0.00038332956819019597,0.0,0,ollama,Peripheral
matthiasgeihs,0.0011890606420927466,1,0.0,0.00038332956819019597,0.0,0,ollama,Peripheral
MaxAkbar,0.0011890606420927466,1,0.0,0.00038332956819019597,0.0,0,ollama,Peripheral
sikhness,0.0011890606420927466,1,0.0,0.00038332956819019597,0.0,0,ollama,Peripheral
NeKosmico,0.0011890606420927466,1,0.0,0.00038332956819019597,0.0,0,ollama,Peripheral
HuChundong,0.0011890606420927466,1,0.0,0.00038332956819019597,0.0,0,ollama,Peripheral
aadltya,0.0011890606420927466,1,0.0,0.00038332956819019597,0.0,0,ollama,Peripheral
viplike,0.0011890606420927466,1,0.0,0.00038332956819019597,0.0,0,ollama,Peripheral
santakd,0.0011890606420927466,1,0.0,0.00038332956819019597,0.0,0,ollama,Peripheral
graynoir,0.0011890606420927466,1,0.0,0.00038332956819019597,0.0,0,ollama,Peripheral
hgKang02,0.0011890606420927466,1,0.0,0.00038332956819019597,0.0,0,ollama,Peripheral
Saatvik-droid,0.0011890606420927466,1,0.0,0.00038332956819019597,0.0,0,ollama,Peripheral
nvip12041994,0.0011890606420927466,1,0.0,0.00038332956819019597,0.0,0,ollama,Peripheral
mikedolx,0.0011890606420927466,1,0.0,0.00038332956819019597,0.0,0,ollama,Peripheral
siddharthdashore,0.0011890606420927466,1,0.0,0.00038332956819019597,0.0,0,ollama,Peripheral
Bostoneary,0.0011890606420927466,1,0.0,0.00038332956819019597,0.0,0,ollama,Peripheral
acclayer7,0.0011890606420927466,1,0.0,0.00038332956819019597,0.0,0,ollama,Peripheral
AncientMystic,0.0011890606420927466,1,0.0,0.00038332956819019597,0.0,0,ollama,Peripheral
Mugane,0.0011890606420927466,1,0.0,0.00038332956819019597,0.0,0,ollama,Peripheral
JusefPol,0.0011890606420927466,1,0.0,0.00038332956819019597,0.0,0,ollama,Peripheral
phil123456,0.0011890606420927466,1,0.0,0.00038332956819019597,0.0,0,ollama,Peripheral
ClearLoving,0.0011890606420927466,1,0.0,0.00038332956819019597,0.0,0,ollama,Peripheral
mansibm6,0.0011890606420927466,1,0.0,0.00038332956819019597,0.0,0,ollama,Peripheral
lyjia,0.0011890606420927466,1,0.0,0.00038332956819019597,0.0,0,ollama,Peripheral
brianhuster,0.0011890606420927466,1,0.0,0.00038332956819019597,0.0,0,ollama,Peripheral
1009058470,0.0011890606420927466,1,0.0,0.00038332956819019597,0.0,0,ollama,Peripheral
Maltz42,0.0011890606420927466,1,0.0,0.00038332956819019597,0.0,0,ollama,Peripheral
hasansalimkanmaz,0.0011890606420927466,1,0.0,0.00038332956819019597,0.0,0,ollama,Peripheral
goactiongo,0.0011890606420927466,1,0.0,0.00038332956819019597,0.0,0,ollama,Peripheral
OnceCrazyer,0.0011890606420927466,1,0.0,0.00038332956819019597,0.0,0,ollama,Peripheral
oslijunw,0.0011890606420927466,1,0.0,0.00038332956819019597,0.0,0,ollama,Peripheral
Jeffhop,0.0011890606420927466,1,0.0,0.00038332956819019597,0.0,0,ollama,Peripheral
jozsefszalma,0.0011890606420927466,1,0.0,0.00038332956819019597,0.0,0,ollama,Peripheral
eviejw12,0.0011890606420927466,1,0.0,0.00038332956819019597,0.0,0,ollama,Peripheral
legendier,0.0011890606420927466,1,0.0,0.00038332956819019597,0.0,0,ollama,Peripheral
WinstonCHEN1,0.0011890606420927466,1,0.0,0.00038332956819019597,0.0,0,ollama,Peripheral
Eve-146T,0.0011890606420927466,1,0.0,0.00038332956819019597,0.0,0,ollama,Peripheral
somecoolguy1397,0.0011890606420927466,1,0.0,0.00038332956819019597,0.0,0,ollama,Peripheral
AkumaNoTsubasa,0.0011890606420927466,1,0.0,0.00038332956819019597,0.0,0,ollama,Peripheral
somera,0.0011890606420927466,1,0.0,0.00038332956819019597,0.0,0,ollama,Peripheral
maomao23314,0.0011890606420927466,1,0.0,0.00038332956819019597,0.0,0,ollama,Peripheral
lx687,0.0011890606420927466,1,0.0,0.00038332956819019597,0.0,0,ollama,Peripheral
art4key,0.0011890606420927466,1,0.0,0.00038332956819019597,0.0,0,ollama,Peripheral
ZaEvab55555,0.0011890606420927466,1,0.0,0.00038332956819019597,0.0,0,ollama,Peripheral
DragonCrafted87,0.0011890606420927466,1,0.0,0.00038332956819019597,0.0,0,ollama,Peripheral
pmedina-42,0.0011890606420927466,1,0.0,0.00038332956819019597,0.0,0,ollama,Peripheral
rsb-23,0.0011890606420927466,1,0.0,0.00038332956819019597,0.0,0,ollama,Peripheral
konian71,0.0011890606420927466,1,0.0,0.00038332956819019597,0.0,0,ollama,Peripheral
MarkWard0110,0.0011890606420927466,1,0.0,0.00038332956819019597,0.0,0,ollama,Peripheral
SlavikCA,0.0011890606420927466,1,0.0,0.00038332956819019597,0.0,0,ollama,Peripheral
liar666,0.0011890606420927466,1,0.0,0.00038332956819019597,0.0,0,ollama,Peripheral
dravenk,0.0011890606420927466,1,0.0,0.00038332956819019597,0.0,0,ollama,Peripheral
jps1990,0.0011890606420927466,1,0.0,0.00038332956819019597,0.0,0,ollama,Peripheral
Dawn-Xu-helloworld,0.0011890606420927466,1,0.0,0.00038332956819019597,0.0,0,ollama,Peripheral
kungfu-eric,0.0011890606420927466,1,0.0,0.00038332956819019597,0.0,0,ollama,Peripheral
bivsk,0.0011890606420927466,1,0.0,0.00038332956819019597,0.0,0,ollama,Peripheral
dolivanu,0.0011890606420927466,1,0.0,0.00038332956819019597,0.0,0,ollama,Peripheral
noctrex,0.0011890606420927466,1,0.0,0.00038332956819019597,0.0,0,ollama,Peripheral
totorofly,0.0011890606420927466,1,0.0,0.00038332956819019597,0.0,0,ollama,Peripheral
GAC-Machine,0.0011890606420927466,1,0.0,0.00038332956819019597,0.0,0,ollama,Peripheral
ozbillwang,0.0011890606420927466,1,0.0,0.00038332956819019597,0.0,0,ollama,Peripheral
mighty-services,0.0011890606420927466,1,0.0,0.00038332956819019597,0.0,0,ollama,Peripheral
Bashir-Rabbit,0.0011890606420927466,1,0.0,0.00038332956819019597,0.0,0,ollama,Peripheral
gmoulard,0.0011890606420927466,1,0.0,0.00038190750114211296,0.0,0,ollama,Peripheral
WAH19,0.0011890606420927466,1,0.0,0.0003768703133590623,0.0,6,ollama,Peripheral
zhengyunqq,0.0011890606420927466,1,0.0,0.0003765821561032372,0.0,5,deepseek,Peripheral
fmarquezg,0.0011890606420927466,1,0.0,0.0003765821561032372,0.0,5,deepseek,Peripheral
johnnynunez,0.0011890606420927466,1,0.0,0.00037411689217767296,0.0,0,ollama,Peripheral
puneeth-007,0.0011890606420927466,1,0.0,0.00037339126220417525,0.0,0,ollama,Peripheral
Inakito,0.0011890606420927466,1,0.0,0.00037067799543294677,0.0,2,ollama,Peripheral
chenlinzhe,0.0011890606420927466,1,0.0,0.00036499326279230005,0.0,4,deepseek,Peripheral
shouonga,0.0011890606420927466,1,0.0,0.00036470035615785877,0.0,8,deepseek,Peripheral
win10ogod,0.0011890606420927466,1,0.0,0.0003533227285220674,0.0,0,ollama,Peripheral
garrettbyrd,0.0011890606420927466,1,0.0,0.0003477006950389506,0.0,0,ollama,Peripheral
wes-kay,0.0011890606420927466,1,0.0,0.0003251199501767203,0.0,2,ollama,Peripheral
Feng-Yong-Qi,0.0011890606420927466,1,0.0,0.0003251199501767203,0.0,2,ollama,Peripheral
inspector3535,0.0011890606420927466,1,0.0,0.0003251199501767203,0.0,2,ollama,Peripheral
rosingrind,0.0011890606420927466,1,0.0,0.0003251199501767203,0.0,2,ollama,Peripheral
mario-mlc,0.0011890606420927466,1,0.0,0.0003237422932073225,0.0,3,deepseek,Peripheral
jigarvyasidea,0.0011890606420927466,1,0.0,0.0003237422932073225,0.0,3,deepseek,Peripheral
Ashirch,0.0011890606420927466,1,0.0,0.0003237422932073225,0.0,3,deepseek,Peripheral
marvin-0042,0.0011890606420927466,1,0.0,0.0003237422932073225,0.0,3,deepseek,Peripheral
353167931,0.0011890606420927466,1,0.0,0.0003206795367344391,0.0,11,ollama,Peripheral
raydoomed,0.0011890606420927466,1,0.0,0.00031956438044002024,0.0,10,ollama,Peripheral
enzoxic,0.0011890606420927466,1,0.0,0.0003170701079856238,0.0,6,ollama,Peripheral
EndoTheDev,0.0011890606420927466,1,0.0,0.0003170701079856238,0.0,6,ollama,Peripheral
Fastidious,0.0011890606420927466,1,0.0,0.0003170701079856238,0.0,6,ollama,Peripheral
ANISHKARTHIC,0.0011890606420927466,1,0.0,0.0003169143779402486,0.0,3,deepseek,Peripheral
Aelentel,0.0011890606420927466,1,0.0,0.00031177687953875334,0.0,10,ollama,Peripheral
aeonoea,0.0011890606420927466,1,0.0,0.0002756136744622353,0.0,6,ollama,Peripheral
